Axiom_GW_CHB2.na35.annot.csv:"AX-11106002","Affx-34462154","---","2","MT","6382","6382","+","0","---","CTCCTTACACCTAGCAGGTGTCTCCTCTATCTTAG[A/G]GGCCATCAATTTCATCACAACAATTATCAATATAA","A","G","G","A","---","---","D17S1473E // downstream // 2642 /// D17S1653E // upstream // 941","---","---","---","---","---","1","0","---","---","---","---","---"
Axiom_GW_CHB2.na35.annot.csv:"AX-11148527","Affx-34462239","---","2","MT","8026","8026","+","0","---","CTTGACGTTGACAATCGAGTAGTACTCCCGATTGA[A/G]GCCCCCATTCGTATAATAATTACATCACAAGACGT","A","G","A","G","---","---","D1S2077E // downstream // 336 /// D5S1608E // upstream // 6786","---","---","---","---","---","1","0","---","---","---","---","---"
Axiom_GW_CHB2.na35.annot.csv:"AX-11357039","Affx-34462183","---","2","MT","6826","6826","+","0","---","AATAGACGTAGACACACGAGCATATTTCACCTCCG[C/T]TACCATAATCATCGCTATCCCCACCGGCGTCAAAG","T","C","C","T","---","---","D17S1473E // downstream // 3086 /// D17S1653E // upstream // 497","---","---","---","---","---","1","0","---","---","---","---","---"
Axiom_GW_CHB2.na35.annot.csv:"AX-11383154","Affx-34462301","rs2298009","2","MT","9120","9120","+","0","---","CCCTCTACACTTATCATCTTCACAATTCTAATTCT[A/G]CTGACTATCCTAGAAATCGCTGTCGCCTTAATCCA","A","G","A","G","---","---","D1S2077E // downstream // 1430 /// D5S1608E // upstream // 5692","---","---","---","---","same","1","0","---","---","---","---","---"
Axiom_GW_CHB2.na35.annot.csv:"AX-11414493","Affx-34461818","---","2","MT","15216","15216","+","0","---","AATTACAAACTTACTATCCGCCATCCCATACATTG[A/G]GACAGACCTAGTTCAATGAATCTGAGGAGGCTACT","A","G","G","A","---","---","D5S1608E // downstream // 404 /// D1S2076E // upstream // 482 /// D5F1781E // within // 0","---","---","---","---","---","1","0","---","---","---","---","---"
Axiom_GW_CHB2.na35.annot.csv:"AX-11414494","Affx-34461833","---","2","MT","15606","15606","+","0","---","ATTCGCCTACACAATTCTCCGATCCGTCCCTAACA[A/G]ACTAGGAGGCGTCCTTGCCCTATTACTATCCATCC","A","G","A","G","---","---","D5F1781E // downstream // 415 /// D1S2076E // upstream // 92","---","---","---","---","---","1","0","---","---","---","---","---"
Axiom_GW_CHB2.na35.annot.csv:"AX-11414497","Affx-52321550","---","2","MT","15823","15823","+","0","---","ACCATCATTGGACAAGTAGCATCCGTACTATACTT[A/G]ACAACAATCCTAATCCTAATACCAACTATCTCCCT","A","G",".","A/G","---","---","D1S2076E // downstream // 125","---","---","---","---","---","1","0","---","---","---","---","---"
Axiom_GW_CHB2.na35.annot.csv:"AX-11414514","Affx-34462088","rs28357981","2","MT","4977","4977","+","0","---","CAATCTTATCCATCATAGCAGGCAGTTGAGGTGGA[C/T]TAAACCAAACCCAGCTACGCAAAATCTTAGCATAC","T","C","T","C","---","---","D17S1473E // downstream // 1237 /// D17S1653E // upstream // 2346","---","---","---","YES","same","1","0","---","---","---","---","---"
Axiom_GW_CHB2.na35.annot.csv:"AX-11414515","Affx-34462107","---","2","MT","5284","5284","+","0","---","TTTGCCCAAATGGGCCATTATCGAAGAATTCACAA[A/G]AAACAATAGCCTCATCATCCCCACCATCATAGCCA","A","G","A","G","---","---","D17S1473E // downstream // 1544 /// D17S1653E // upstream // 2039","---","---","---","---","---","1","0","---","---","---","---","---"
Axiom_GW_CHB2.na35.annot.csv:"AX-11414520","Affx-34461572","rs28358274","2","MT","10086","10086","+","0","---","AAAGAGTAATAAACTTCGCCTTAATTTTAATAATC[A/G]ACACCCTCCTAGCCTTACTACTAATAATTATTACA","A","G","A","G","---","---","D1S2077E // downstream // 2396 /// D5S1608E // upstream // 4726","---","---","---","YES","same","1","0","---","---","---","---","---"
Axiom_GW_CHB2.na35.annot.csv:"AX-11414525","Affx-34461607","---","2","MT","10809","10809","+","0","---","CGTCCCAACAATTATATTACTACCACTGACATGAC[C/T]TTCCAAAAAACACATAATTTGAATCAACACAACCA","T","C","T","C","---","---","D1S2077E // downstream // 3119 /// D5S1608E // upstream // 4003","---","---","---","---","---","1","0","---","---","---","---","---"
Axiom_GW_CHB2.na35.annot.csv:"AX-11414526","Affx-34461618","rs28358284","2","MT","11177","11177","+","0","---","CCACCTTGGCTATCATCACCCGATGAGGCAACCAG[C/T]CAGAACGCCTGAACGCAGGCACATACTTCCTATTC","T","C","C","T","---","---","D1S2077E // downstream // 3487 /// D5S1608E // upstream // 3635","---","---","---","YES","same","1","0","---","---","---","---","---"
Axiom_GW_CHB2.na35.annot.csv:"AX-11414533","Affx-52321580","---","2","MT","1734","1734","+","0","---","CTTACTACCAGACAACCTTAGCCAAACCATTTACC[A/G]AAATAAAGTATAGGCGATAGAAATTGAAACCTGGC","A","G",".","A/G","---","---","D3S2893E // upstream // 329","---","---","---","---","---","1","0","---","---","---","---","---"
Axiom_GW_CHB2.na35.annot.csv:"AX-11414538","Affx-34461991","---","2","MT","3308","3308","+","0","---","TACAGTCAGAGGTTCAATTCCTCTTCTTAACAACA[C/T]ACCCATGGCCAACCTCCTACTCCTCATTGTACCCA","T","C","T","C","---","---","D11S4926E // downstream // 595 /// D17S1473E // upstream // 432","---","---","---","---","---","1","0","---","---","---","---","---"
Axiom_GW_CHB2.na35.annot.csv:"AX-11414539","Affx-34461999","---","2","MT","3449","3449","+","0","---","CCCCAACGTTGTAGGCCCCTACGGGCTACTACAAC[C/T]CTTCGCTGACGCCATAAAACTCTTCACCAAAGAGC","T","C","C","T","---","---","D11S4926E // downstream // 736 /// D17S1473E // upstream // 291","---","---","---","---","---","1","0","---","---","---","---","---"
Axiom_GW_CHB2.na35.annot.csv:"AX-11414558","Affx-34461697","---","2","MT","12692","12692","+","0","---","TATAAACTCAGACCCAAACATTAATCAGTTCTTCA[A/G]ATATCTACTCATCTTCCTAATTACCATACTAATCT","A","G","A","G","---","---","D1S2077E // downstream // 5002 /// D5S1608E // upstream // 2120","---","---","---","---","---","1","0","---","---","---","---","---"
Axiom_GW_CHB2.na35.annot.csv:"AX-11414559","Affx-34461717","---","2","MT","13262","13262","+","0","---","CATCAAAAAAATCGTAGCCTTCTCCACTTCAAGTC[A/G]ACTAGGACTCATAATAGTTACAATCGGCATCAACC","A","G","A","G","---","---","D1S2077E // downstream // 5572 /// D5S1608E // upstream // 1550","---","---","---","---","---","1","0","---","---","---","---","---"
Axiom_GW_CHB2.na35.annot.csv:"AX-11414563","Affx-34461750","rs28359179","2","MT","13789","13789","+","0","---","CCCCCGCATCCCCCTTCCAAACAACAATCCCCCTC[C/T]ACCTAAAACTCACAGCCCTCGCTGTCACTTTCCTA","T","C","T","C","---","---","D1S2077E // downstream // 6099 /// D5S1608E // upstream // 1023","---","---","---","YES","same","1","0","---","---","---","---","---"
Axiom_GW_CHB2.na35.annot.csv:"AX-11415148","Affx-34462003","---","2","MT","3512","3512","+","0","---","CAAAGAGCCCCTAAAACCCGCCACATCTACCATCA[C/T]CCTCTACATCACCGCCCCGACCTTAGCTCTCACCA","T","C","C","T","---","---","D11S4926E // downstream // 799 /// D17S1473E // upstream // 228","---","---","---","---","---","1","0","---","---","---","---","---"
Axiom_GW_CHB2.na35.annot.csv:"AX-11415281","Affx-34461632","---","2","MT","11473","11473","+","0","---","GGGTCAATAGTACTTGCCGCAGTACTCTTAAAACT[A/G]GGCGGCTATGGTATAATACGCCTCACACTCATTCT","A","G","A","G","---","---","D1S2077E // downstream // 3783 /// D5S1608E // upstream // 3339","---","---","---","---","---","1","0","---","---","---","---","---"
Axiom_GW_CHB2.na35.annot.csv:"AX-11415564","Affx-34461727","rs28379170","2","MT","13401","13401","+","0","---","GGGTCCATCATCCACAACCTTAACAATGAACAAGA[C/T]ATTCGAAAAATAGGAGGACTACTCAAAACCATACC","T","C","T","C","---","---","D1S2077E // downstream // 5711 /// D5S1608E // upstream // 1411","---","---","---","---","same","1","0","---","---","---","---","---"
Axiom_GW_CHB2.na35.annot.csv:"AX-11416464","Affx-34461690","---","2","MT","12567","12567","+","0","---","TGACACTGAGCCACAACCCAAACAACCCAGCTCTC[A/C]CTAAGCTTCAAACTAGACTACTTCTCCATAATATT","A","C","C","A","---","---","D1S2077E // downstream // 4877 /// D5S1608E // upstream // 2245","---","---","---","---","---","1","0","---","---","---","---","---"
Axiom_GW_CHB2.na35.annot.csv:"AX-11416573","Affx-34461993","---","2","MT","3335","3335","+","0","---","TAACAACATACCCATGGCCAACCTCCTACTCCTCA[G/T]TGTACCCATTCTAATCGCAATGGCATTCCTAATGC","T","G","T","G","---","---","D11S4926E // downstream // 622 /// D17S1473E // upstream // 405","---","---","---","---","---","1","0","---","---","---","---","---"
Axiom_GW_CHB2.na35.annot.csv:"AX-11417054","Affx-34462028","rs28441014","2","MT","3972","3972","+","0","---","TTCAACATCGAATACGCCGCAGGCCCCTTCGCCCT[A/G]TTCTTCATAGCCGAATACACAAACATTATTATAAT","A","G","A","G","---","---","D17S1473E // downstream // 232 /// D17S1653E // upstream // 3351","---","---","---","---","same","1","0","---","---","---","---","---"
Axiom_GW_CHB2.na35.annot.csv:"AX-11418906","Affx-34461600","rs2853488","2","MT","10688","10688","+","0","---","GCCATACTAGTCTTTGCCGCCTGCGAAGCAGCGGT[A/G]GGCCTAGCCCTACTAGTCTCAATCTCCAACACATA","A","G","G","A","---","---","D1S2077E // downstream // 2998 /// D5S1608E // upstream // 4124","---","---","---","YES","same","1","0","---","---","---","---","---"
Axiom_GW_CHB2.na35.annot.csv:"AX-11418920","Affx-34461719","rs2853502","2","MT","13276","13276","+","0","---","TAGCCTTCTCCACTTCAAGTCAACTAGGACTCATA[A/G]TAGTTACAATCGGCATCAACCAACCACACCTAGCA","A","G","A","G","---","---","D1S2077E // downstream // 5586 /// D5S1608E // upstream // 1536","---","---","---","YES","same","1","0","---","---","---","---","---"
Axiom_GW_CHB2.na35.annot.csv:"AX-11418926","Affx-34461874","---","2","MT","16221","16221","+","0","---","CCCTCCCCATGCTTACAAGCAAGTACAGCAATCAA[C/T]CCTCAACTATCACACATCAACTGCAACTCCAAAGC","T","C","C","T","---","---","D1S2076E // downstream // 523","---","---","---","---","---","1","0","---","---","---","---","---"
Axiom_GW_CHB2.na35.annot.csv:"AX-11418929","Affx-34462196","rs2853517","2","MT","709","709","+","0","---","TAGCTCTTAGTAAGATTACACATGCAAGCATCCCC[A/G]TTCCAGTGAGTTCACCCTCTAAATCACCACGATCA","A","G","G","A","---","---","D3S2893E // upstream // 1354","---","---","---","YES","same","1","0","---","---","---","---","---"
Axiom_GW_CHB2.na35.annot.csv:"AX-11418993","Affx-34461786","---","2","MT","14367","14367","+","0","---","AACCACCACCCCATCATACTCTTTCACCCACAGCA[C/G]CAATCCTACCTCCATCGCTAACCCCACTAAAACAC","C","G","C","G","---","---","D1S2077E // downstream // 6677 /// D5S1608E // upstream // 445","---","---","---","---","---","2","0","---","---","---","---","---"
Axiom_GW_CHB2.na35.annot.csv:"AX-11418998","Affx-34462318","rs2853824","2","MT","9347","9347","+","0","---","CACTTCCACTCCATAACGCTCCTCATACTAGGCCT[A/G]CTAACCAACACACTAACCATATACCAATGATGGCG","A","G","A","G","---","---","D1S2077E // downstream // 1657 /// D5S1608E // upstream // 5465","---","---","---","YES","same","1","0","---","---","---","---","---"
Axiom_GW_CHB2.na35.annot.csv:"AX-11419078","Affx-34461742","---","2","MT","13649","13649","+","0","---","AATTCTTCTCACCCTAACAGGTCAACCTCGCTTCC[C/T]CACCCTTACTAACATTAACGAAAATAACCCCACCC","T","C","C","T","---","---","D1S2077E // downstream // 5959 /// D5S1608E // upstream // 1163","---","---","---","---","---","1","0","---","---","---","---","---"
Axiom_GW_CHB2.na35.annot.csv:"AX-11419468","Affx-34461852","---","2","MT","15953","15953","+","0","---","TTGTAAACCGGAGATGAAAACCTTTTTCCAAGGAC[A/G]AATCAGAGAAAAAGTCTTTAACTCCACCATTAGCA","A","G","A","G","---","---","D1S2076E // downstream // 255","---","---","---","---","---","1","0","---","---","---","---","---"
Axiom_GW_CHB2.na35.annot.csv:"AX-11419643","Affx-34461919","rs28569464","2","MT","2010","2010","+","0","---","TTTATAGGTAGAGGCGACAAACCTACCGAGCCTGG[C/T]GATAGCTGGTTGTCCAAGATAGAATCTTAGTTCAA","T","C","T","C","---","---","D3S2893E // upstream // 53","---","---","---","---","same","1","0","---","---","---","---","---"
Axiom_GW_CHB2.na35.annot.csv:"AX-11419809","Affx-34462334","---","2","MT","9646","9646","+","0","---","CGTATTACTCGCATCAGGAGTATCAATCACCTGAG[C/T]TCACCATAGTCTAATAGAAAACAACCGAAACCAAA","T","C","C","T","---","---","D1S2077E // downstream // 1956 /// D5S1608E // upstream // 5166","---","---","---","---","---","1","0","---","---","---","---","---"
Axiom_GW_CHB2.na35.annot.csv:"AX-11420211","Affx-34461621","---","2","MT","11230","11230","+","0","---","GGCACATACTTCCTATTCTACACCCTAGTAGGCTC[C/T]CTTCCCCTACTCATCGCACTAATTTACACTCACAA","T","C","C","T","---","---","D1S2077E // downstream // 3540 /// D5S1608E // upstream // 3582","---","---","---","---","---","1","0","---","---","---","---","---"
Axiom_GW_CHB2.na35.annot.csv:"AX-11420549","Affx-34461628","---","2","MT","11364","11364","+","0","---","AGCCAACAACTTAATATGACTAGCTTACACAATAG[C/T]TTTTATAGTAAAGATACCTCTTTACGGACTCCACT","T","C","C","T","---","---","D1S2077E // downstream // 3674 /// D5S1608E // upstream // 3448","---","---","---","---","---","1","0","---","---","---","---","---"
Axiom_GW_CHB2.na35.annot.csv:"AX-11421449","Affx-34461809","rs28653347","2","MT","1489","1489","+","0","---","GTTGAACAGGGCCCTGAAGCGCGTACACACCGCCC[A/G]TCACCCTCCTCAAGTATACTTCAAAGGACATTTAA","A","G","G","A","---","---","D3S2893E // upstream // 574","---","---","---","---","same","1","0","---","---","---","---","---"
Axiom_GW_CHB2.na35.annot.csv:"AX-11421510","Affx-34461578","---","2","MT","10259","10259","+","0","---","TTCTTAGTAGCTATTACCTTCTTATTATTTGATCT[A/G]GAAATTGCCCTCCTTTTACCCCTACCATGAGCCCT","A","G","A","G","---","---","D1S2077E // downstream // 2569 /// D5S1608E // upstream // 4553","---","---","---","---","---","1","0","---","---","---","---","---"
Axiom_GW_CHB2.na35.annot.csv:"AX-11421584","Affx-34461805","rs28660155","2","MT","14871","14871","+","0","---","ATGAAACTTCGGCTCACTCCTTGGCGCCTGCCTGA[C/T]CCTCCAAATCACCACAGGACTATTCCTAGCCATGC","T","C","T","C","---","---","D1S2077E // downstream // 7181 /// D5F1781E // upstream // 320 /// D5S1608E // within // 0","---","---","---","---","same","1","0","---","---","---","---","---"
Axiom_GW_CHB2.na35.annot.csv:"AX-11421868","Affx-34462317","---","2","MT","9341","9341","+","0","---","TGATTTCACTTCCACTCCATAACGCTCCTCATACT[A/G]GGCCTACTAACCAACACACTAACCATATACCAATG","A","G","A","G","---","---","D1S2077E // downstream // 1651 /// D5S1608E // upstream // 5471","---","---","---","---","---","1","0","---","---","---","---","---"
Axiom_GW_CHB2.na35.annot.csv:"AX-11422141","Affx-34461940","rs28687201","2","MT","2381","2381","+","0","---","TCAGATTAAAACACTGAACTGACAATTAACAGCCC[A/G]ATATCTACAATCAACCAACAAGTCATTATTACCCT","A","G","A","G","---","---","D3S2893E // downstream // 318 /// D11S4926E // upstream // 332","---","---","---","---","same","1","0","---","---","---","---","---"
Axiom_GW_CHB2.na35.annot.csv:"AX-11422779","Affx-34461652","---","2","MT","11898","11898","+","0","---","CTTACCCCCCACTATTAACCTACTGGGAGAACTCT[C/T]TGTGCTAGTAACCACGTTCTCCTGATCAAATATCA","T","C","C","T","---","---","D1S2077E // downstream // 4208 /// D5S1608E // upstream // 2914","---","---","---","---","---","1","0","---","---","---","---","---"
Axiom_GW_CHB2.na35.annot.csv:"AX-11422800","Affx-34461707","---","2","MT","12879","12879","+","0","---","CAAGCAATCCTATACAACCGTATCGGCGATATCGG[G/T]TTCATCCTCGCCTTAGCATGATTTATCCTACACTC","T","G","T","G","---","---","D1S2077E // downstream // 5189 /// D5S1608E // upstream // 1933","---","---","---","---","---","1","0","---","---","---","---","---"
Axiom_GW_CHB2.na35.annot.csv:"AX-11422870","Affx-34461655","rs28722520","2","MT","11929","11929","+","0","---","CTCTCTGTGCTAGTAACCACGTTCTCCTGATCAAA[G/T]ATCACTCTCCTACTTACAGGACTCAACATACTAGT","T","G","T","G","---","---","D1S2077E // downstream // 4239 /// D5S1608E // upstream // 2883","---","---","---","---","same","1","0","---","---","---","---","---"
Axiom_GW_CHB2.na35.annot.csv:"AX-11423429","Affx-34461575","rs28754574","2","MT","10135","10135","+","0","---","CTTACTACTAATAATTATTACATTTTGACTACCAC[A/G]ACTCAACGGCTACATAGAAAAATCCACCCCTTACG","A","G","A","G","---","---","D1S2077E // downstream // 2445 /// D5S1608E // upstream // 4677","---","---","---","---","same","1","0","---","---","---","---","---"
Axiom_GW_CHB2.na35.annot.csv:"AX-11431995","Affx-34462089","---","2","MT","4984","4984","+","0","---","ATCCATCATAGCAGGCAGTTGAGGTGGATTAAACC[A/G]AACCCAGCTACGCAAAATCTTAGCATACTCCTCAA","A","G","A","G","---","---","D17S1473E // downstream // 1244 /// D17S1653E // upstream // 2339","---","---","---","---","---","1","0","---","---","---","---","---"
Axiom_GW_CHB2.na35.annot.csv:"AX-11435895","Affx-34461678","rs3134561","2","MT","12361","12361","+","0","---","AAATAAAAGTAATAACCATGCACACTACTATAACC[A/G]CCCTAACCCTGACTTCCCTAATTCCCCCCATCCTT","A","G","A","G","---","---","D1S2077E // downstream // 4671 /// D5S1608E // upstream // 2451","---","---","---","YES","same","1","0","---","---","---","---","---"
Axiom_GW_CHB2.na35.annot.csv:"AX-11435924","Affx-34461615","---","2","MT","11145","11145","+","0","---","ATTTTATATCTTCTTCGAAACCACACTTATCCCCA[C/T]CTTGGCTATCATCACCCGATGAGGCAACCAGCCAG","T","C","C","T","---","---","D1S2077E // downstream // 3455 /// D5S1608E // upstream // 3667","---","---","---","---","---","1","0","---","---","---","---","---"
Axiom_GW_CHB2.na35.annot.csv:"AX-11457791","Affx-34461824","rs35070048","2","MT","15311","15311","+","0","---","GATTCTTTACCTTTCACTTCATCTTGCCCTTCATT[A/G]TTGCAGCCCTAGCAACACTCCACCTCCTATTCTTG","A","G","A","G","---","---","D5F1781E // downstream // 120 /// D1S2076E // upstream // 387","---","---","---","---","same","1","0","---","---","---","---","---"
Axiom_GW_CHB2.na35.annot.csv:"AX-11464212","Affx-34461886","---","2","MT","16323","16323","+","0","---","TACCCACCCTTAACAGTACATAGTACATAAAGCCA[C/T]TTACCGTACATAGCACATTACAGTCAAATCCCTTC","T","C","T","C","---","---","D1S2076E // downstream // 625","---","---","---","---","---","1","0","---","---","---","---","---"
Axiom_GW_CHB2.na35.annot.csv:"AX-11494899","Affx-34461837","---","2","MT","15758","15758","+","0","---","GACTCCTAGCCGCAGACCTCCTCATTCTAACCTGA[A/G]TCGGAGGACAACCAGTAAGCTACCCTTTTACCATC","A","G","A","G","---","---","D5F1781E // downstream // 567 /// D1S2076E // within // 0","---","---","---","---","---","1","0","---","---","---","---","---"
Axiom_GW_CHB2.na35.annot.csv:"AX-11495191","Affx-34461949","---","2","MT","250","250","+","0","---","ATTAATGCTTGTAGGACATAATAATAACAATTGAA[C/T]GTCTGCACAGCCACTTTCCACACAGACATCATAAC","T","C","T","C","---","---","D3S2893E // upstream // 1813","---","---","---","---","---","1","0","---","---","---","---","---"
Axiom_GW_CHB2.na35.annot.csv:"AX-11495526","Affx-34462265","---","2","MT","8615","8615","+","0","---","CGCCGCAGTACTGATCATTCTATTTCCCCCTCTAT[G/T]GATCCCCACCTCCAAATATCTCATCAACAACCGAC","T","G","T","G","---","---","D1S2077E // downstream // 925 /// D5S1608E // upstream // 6197","---","---","---","---","---","1","0","---","---","---","---","---"
Axiom_GW_CHB2.na35.annot.csv:"AX-37116825","Affx-34461570","rs41362547","2","MT","10044","10044","+","0","---","GTACCGTTAACTTCCAATTAACTAGTTTTGACAAC[A/G]TTCAAAAAAGAGTAATAAACTTCGCCTTAATTTTA","A","G","A","G","---","---","D1S2077E // downstream // 2354 /// D5S1608E // upstream // 4768","---","---","---","---","same","1","0","---","---","---","---","---"
Axiom_GW_CHB2.na35.annot.csv:"AX-37116831","Affx-52321436","---","2","MT","10320","10320","+","0","---","CATGAGCCCTACAAACAACTAACCTGCCACTAATA[C/T]TTATGTCATCCCTCTTATTAATCATCATCCTAGCC","T","C",".","C/T","---","---","D1S2077E // downstream // 2630 /// D5S1608E // upstream // 4492","---","---","---","---","---","1","0","---","---","---","---","---"
Axiom_GW_CHB2.na35.annot.csv:"AX-37116833","Affx-34461590","rs2000974","2","MT","1048","1048","+","0","---","AAATAGACTACGAAAGTGGCTTTAACATATCTGAA[C/T]ACACAATAGCTAAGACCCAAACTGGGATTAGATAC","T","C","C","T","---","---","D3S2893E // upstream // 1015","---","---","---","YES","same","1","0","---","---","---","---","---"
Axiom_GW_CHB2.na35.annot.csv:"AX-37116835","Affx-34461593","rs28358280","2","MT","10550","10550","+","0","---","CTTCTAGGAATACTAGTATATCGCTCACACCTCAT[A/G]TCCTCCCTACTATGCCTAGAAGGAATAATACTATC","A","G","A","G","---","---","D1S2077E // downstream // 2860 /// D5S1608E // upstream // 4262","---","---","---","YES","same","1","0","---","---","---","---","---"
Axiom_GW_CHB2.na35.annot.csv:"AX-37116837","Affx-79381692","rs2853487","2","MT","10589","10589","+","0","---","TCCCTACTATGCCTAGAAGGAATAATACTATCGCT[A/G]TTCATTATAGCTACTCTCATAACCCTCAACACCCA","A","G","G","A","---","---","D1S2077E // downstream // 2899 /// D5S1608E // upstream // 4223","---","---","---","YES","same","1","0","---","---","---","---","---"
Axiom_GW_CHB2.na35.annot.csv:"AX-37116841","Affx-34461609","---","2","MT","10872","10872","+","0","---","CACAACCACCCACAGCCTAATTATTAGCATCATCC[C/T]TCTACTATTTTTTAACCAAATCAACAACAACCTAT","T","C","C","T","---","---","D1S2077E // downstream // 3182 /// D5S1608E // upstream // 3940","---","---","---","---","---","1","0","---","---","---","---","---"
Axiom_GW_CHB2.na35.annot.csv:"AX-37116849","Affx-34461640","---","2","MT","11673","11673","+","0","---","CATAGCCCTCGTAGTAACAGCCATTCTCATCCAAA[C/T]CCCCTGAAGCTTCACCGGCGCAGTCATTCTCATAA","T","C","C","T","---","---","D1S2077E // downstream // 3983 /// D5S1608E // upstream // 3139","---","---","---","---","---","1","0","---","---","---","---","---"
Axiom_GW_CHB2.na35.annot.csv:"AX-37116851","Affx-34461648","rs3088053","2","MT","11812","11812","+","0","---","CGCATCATAATCCTCTCTCAAGGACTTCAAACTCT[A/G]CTCCCACTAATAGCTTTTTGATGACTTCTAGCAAG","A","G","A","G","---","---","D1S2077E // downstream // 4122 /// D5S1608E // upstream // 3000","---","---","---","YES","reverse","1","0","---","---","---","---","---"
Axiom_GW_CHB2.na35.annot.csv:"AX-37116853","Affx-34461653","rs2853496","2","MT","11914","11914","+","0","---","AACCTACTGGGAGAACTCTCTGTGCTAGTAACCAC[A/G]TTCTCCTGATCAAATATCACTCTCCTACTTACAGG","A","G","G","A","---","---","D1S2077E // downstream // 4224 /// D5S1608E // upstream // 2898","---","---","---","YES","same","1","0","---","---","---","---","---"
Axiom_GW_CHB2.na35.annot.csv:"AX-37116861","Affx-34461715","rs2853501","2","MT","13105","13105","+","0","---","CCCTACTCCACTCAAGCACTATAGTTGTAGCAGGA[A/G]TCTTCTTACTCATCCGCTTCCACCCCCTAGCAGAA","A","G","A","G","---","---","D1S2077E // downstream // 5415 /// D5S1608E // upstream // 1707","---","---","---","YES","same","1","0","---","---","---","---","---"
Axiom_GW_CHB2.na35.annot.csv:"AX-37116867","Affx-34461817","rs28357687","2","MT","15204","15204","+","0","---","AGGGGCCACAGTAATTACAAACTTACTATCCGCCA[C/T]CCCATACATTGGGACAGACCTAGTTCAATGAATCT","T","C","T","C","---","---","D5S1608E // downstream // 392 /// D1S2076E // upstream // 494 /// D5F1781E // within // 0","---","---","---","YES","same","1","0","---","---","---","---","---"
Axiom_GW_CHB2.na35.annot.csv:"AX-37116871","Affx-34461821","---","2","MT","15243","15243","+","0","---","ATACATTGGGACAGACCTAGTTCAATGAATCTGAG[A/G]AGGCTACTCAGTAGACAGTCCCACCCTCACACGAT","A","G","G","A","---","---","D5S1608E // downstream // 431 /// D1S2076E // upstream // 455 /// D5F1781E // within // 0","---","---","---","---","---","1","0","---","---","---","---","---"
Axiom_GW_CHB2.na35.annot.csv:"AX-37116873","Affx-34461828","---","2","MT","15452","15452","+","0","---","ACACAATCAAAGACGCCCTCGGCTTACTTCTCTTC[A/C]TTCTCTCCTTAATGACATTAACACTATTCTCACCA","A","C","C","A","---","---","D5F1781E // downstream // 261 /// D1S2076E // upstream // 246","---","---","---","---","---","1","0","---","---","---","---","---"
Axiom_GW_CHB2.na35.annot.csv:"AX-37116875","Affx-34461832","rs28357371","2","MT","15535","15535","+","0","---","GACCCAGACAATTATACCCTAGCCAACCCCTTAAA[C/T]ACCCCTCCCCACATCAAGCCCGAATGATATTTCCT","T","C","C","T","---","---","D5F1781E // downstream // 344 /// D1S2076E // upstream // 163","---","---","---","YES","same","1","0","---","---","---","---","---"
Axiom_GW_CHB2.na35.annot.csv:"AX-37116879","Affx-34461853","---","2","MT","1596","1596","+","0","---","CGTAACATGGTAAGTGTACTGGAAAGTGCACTTGG[A/G]CGAACCAGAGTGTAGCTTAACACAAAGCACCCAAC","A","G","A","G","---","---","D3S2893E // upstream // 467","---","---","---","---","---","1","0","---","---","---","---","---"
Axiom_GW_CHB2.na35.annot.csv:"AX-37116881","Affx-34461859","---","2","MT","16143","16143","+","0","---","CAGCCACCATGAATATTGTACGGTACCATAAATAC[C/T]TGACCACCTGTAGTACATAAAAACCCAATCCACAT","T","C","T","C","---","---","D1S2076E // downstream // 445","---","---","---","---","---","1","0","---","---","---","---","---"
Axiom_GW_CHB2.na35.annot.csv:"AX-37116885","Affx-52321592","rs41323649","2","MT","228","228","+","0","---","ACTTACTAAAGTGTGTTAATTAATTAATGCTTGTA[A/G]GACATAATAATAACAATTGAATGTCTGCACAGCCA","A","G","G","A","---","---","D3S2893E // upstream // 1835","---","---","---","---","same","1","0","---","---","---","---","---"
Axiom_GW_CHB2.na35.annot.csv:"AX-37116887","Affx-34461948","rs28445203","2","MT","2483","2483","+","0","---","GGAAAGGTTAAAAAAAGTAAAAGGAACTCGGCAAA[C/T]CTTACCCCGCCTGTTTACCAAAAACATCACCTCTA","T","C","T","C","---","---","D3S2893E // downstream // 420 /// D11S4926E // upstream // 230","---","---","---","---","same","1","0","---","---","---","---","---"
Axiom_GW_CHB2.na35.annot.csv:"AX-37116891","Affx-34461963","rs2856980","2","MT","2758","2758","+","0","---","AGACCCTATGGAGCTTTAATTTATTAATGCAAACA[A/G]TACCTAACAAACCCACAGGTCCTAAACTACCAAAC","A","G","G","A","---","---","D3S2893E // downstream // 695 /// D17S1473E // upstream // 982 /// D11S4926E // within // 0","---","---","---","YES","same","1","0","---","---","---","---","---"
Axiom_GW_CHB2.na35.annot.csv:"AX-37116893","Affx-34461996","rs41460449","2","MT","3394","3394","+","0","---","CATTCCTAATGCTTACCGAACGAAAAATTCTAGGC[C/T]ATATACAACTACGCAAAGGCCCCAACGTTGTAGGC","T","C","T","C","---","---","D11S4926E // downstream // 681 /// D17S1473E // upstream // 346","---","---","---","---","same","1","0","---","---","---","---","---"
Axiom_GW_CHB2.na35.annot.csv:"AX-37116897","Affx-34462014","rs28357969","2","MT","3693","3693","+","0","---","TGATCAGGGTGAGCATCAAACTCAAACTACGCCCT[A/G]ATCGGCGCACTGCGAGCAGTAGCCCAAACAATCTC","A","G","G","A","---","---","D11S4926E // downstream // 980 /// D17S1473E // upstream // 47","---","---","---","YES","same","1","0","---","---","---","---","---"
Axiom_GW_CHB2.na35.annot.csv:"AX-37116899","Affx-34462030","rs41504646","2","MT","4024","4024","+","0","---","ACACAAACATTATTATAATAAACACCCTCACCACT[A/G]CAATCTTCCTAGGAACAACATATGACGCACTCTCC","A","G","A","G","---","---","D17S1473E // downstream // 284 /// D17S1653E // upstream // 3299","---","---","---","---","same","1","0","---","---","---","---","---"
Axiom_GW_CHB2.na35.annot.csv:"AX-37116901","Affx-34462060","rs41376350","2","MT","4561","4561","+","0","---","CACAGCGCTAAGCTCGCACTGATTTTTTACCTGAG[C/T]AGGCCTAGAAATAAACATGCTAGCTTTTATTCCAG","T","C","T","C","---","---","D17S1473E // downstream // 821 /// D17S1653E // upstream // 2762","---","---","---","---","same","1","0","---","---","---","---","---"
Axiom_GW_CHB2.na35.annot.csv:"AX-37116903","Affx-34462062","rs28357975","2","MT","4580","4580","+","0","---","TGATTTTTTACCTGAGTAGGCCTAGAAATAAACAT[A/G]CTAGCTTTTATTCCAGTTCTAACCAAAAAAATAAA","A","G","G","A","---","---","D17S1473E // downstream // 840 /// D17S1653E // upstream // 2743","---","---","---","YES","same","1","0","---","---","---","---","---"
Axiom_GW_CHB2.na35.annot.csv:"AX-37116905","Affx-34462070","rs28600732","2","MT","4655","4655","+","0","---","CGTTCCACAGAAGCTGCCATCAAGTATTTCCTCAC[A/G]CAAGCAACCGCATCCATAATCCTTCTAATAGCTAT","A","G","G","A","---","---","D17S1473E // downstream // 915 /// D17S1653E // upstream // 2668","---","---","---","YES","same","1","0","---","---","---","---","---"
Axiom_GW_CHB2.na35.annot.csv:"AX-37116907","Affx-34462075","rs3021086","2","MT","4769","4769","+","0","---","ACTACCAATCAATACTCATCATTAATAATCATAAT[A/G]GCTATAGCAATAAAACTAGGAATAGCCCCCTTTCA","A","G","A","G","---","---","D17S1473E // downstream // 1029 /// D17S1653E // upstream // 2554","---","---","---","YES","same","1","0","---","---","---","---","---"
Axiom_GW_CHB2.na35.annot.csv:"AX-37116911","Affx-34462094","rs9782892","2","MT","5046","5046","+","0","---","ACTCCTCAATTACCCACATAGGATGAATAATAGCA[A/G]TTCTACCGTACAACCCTAACATAACCATTCTTAAT","A","G","G","A","---","---","D17S1473E // downstream // 1306 /// D17S1653E // upstream // 2277","---","---","---","---","same","1","0","---","---","---","---","---"
Axiom_GW_CHB2.na35.annot.csv:"AX-37116913","Affx-34462105","rs41320049","2","MT","5263","5263","+","0","---","CCTGCCCCCGCTAACCGGCTTTTTGCCCAAATGGG[C/T]CATTATCGAAGAATTCACAAAAAACAATAGCCTCA","T","C","C","T","---","---","D17S1473E // downstream // 1523 /// D17S1653E // upstream // 2060","---","---","---","---","same","1","0","---","---","---","---","---"
Axiom_GW_CHB2.na35.annot.csv:"AX-37116917","Affx-34462122","rs41453547","2","MT","5656","5656","+","0","---","ACGCAAATCAGCCACTTTAATTAAGCTAAGCCCTT[A/G]CTAGACCAATGGGACTTAAACCCACAAACACTTAG","A","G","A","G","---","---","D17S1473E // downstream // 1916 /// D17S1653E // upstream // 1667","---","---","---","---","same","1","0","---","---","---","---","---"
Axiom_GW_CHB2.na35.annot.csv:"AX-37116919","Affx-34462135","rs7340122","2","MT","5951","5951","+","0","---","CGTTGACTATTCTCTACAAACCACAAAGACATTGG[A/G]ACACTATACCTATTATTCGGCGCATGAGCTGGAGT","A","G","A","G","---","---","D17S1473E // downstream // 2211 /// D17S1653E // upstream // 1372","---","---","---","YES","same","1","0","---","---","---","---","---"
Axiom_GW_CHB2.na35.annot.csv:"AX-37116921","Affx-34462146","---","2","MT","6184","6184","+","0","---","AGTTCCCCTAATAATCGGTGCCCCCGATATGGCGT[C/T]TCCCCGCATAAACAACATAAGCTTCTGACTCTTAC","T","C","T","C","---","---","D17S1473E // downstream // 2444 /// D17S1653E // upstream // 1139","---","---","---","---","---","1","0","---","---","---","---","---"
Axiom_GW_CHB2.na35.annot.csv:"AX-37116923","Affx-34462157","---","2","MT","6454","6454","+","0","---","ACCCCCTGCCATAACCCAATACCAAACGCCCCTCT[C/T]CGTCTGATCCGTCCTAATCACAGCAGTCCTACTTC","T","C","T","C","---","---","D17S1473E // downstream // 2714 /// D17S1653E // upstream // 869","---","---","---","---","---","1","0","---","---","---","---","---"
Axiom_GW_CHB2.na35.annot.csv:"AX-37116925","Affx-34462180","rs41332953","2","MT","6752","6752","+","0","---","GGTATGGTCTGAGCTATGATATCAATTGGCTTCCT[A/G]GGGTTTATCGTGTGAGCACACCATATATTTACAGT","A","G","A","G","---","---","D17S1473E // downstream // 3012 /// D17S1653E // upstream // 571","---","---","---","---","same","1","0","---","---","---","---","---"
Axiom_GW_CHB2.na35.annot.csv:"AX-37116927","Affx-34462188","rs1978001","2","MT","6989","6989","+","0","---","GGTGGCCTGACTGGCATTGTATTAGCAAACTCATC[A/G]CTAGACATCGTACTACACGACACGTACTACGTTGT","A","G","A","G","---","---","D17S1473E // downstream // 3249 /// D17S1653E // upstream // 334","---","---","---","YES","same","1","0","---","---","---","---","---"
Axiom_GW_CHB2.na35.annot.csv:"AX-37116931","Affx-34462202","rs28358874","2","MT","7175","7175","+","0","---","CATTTCACTATCATATTCATCGGCGTAAATCTAAC[C/T]TTCTTCCCACAACACTTTCTCGGCCTATCCGGAAT","T","C","T","C","---","---","D17S1473E // downstream // 3435 /// D17S1653E // upstream // 148","---","---","---","YES","same","1","0","---","---","---","---","---"
Axiom_GW_CHB2.na35.annot.csv:"AX-37116933","Affx-34462207","rs267606884","2","MT","7274","7274","+","0","---","GCATACACCACATGAAACATCCTATCATCTGTAGG[C/T]TCATTCATTTCTCTAACAGCAGTAATATTAATAAT","T","C","C","T","---","---","D17S1473E // downstream // 3534 /// D17S1653E // upstream // 49","---","---","---","---","same","1","0","---","---","---","---","---"
Axiom_GW_CHB2.na35.annot.csv:"AX-37116935","Affx-52321668","---","2","MT","748","748","+","0","---","CAGTGAGTTCACCCTCTAAATCACCACGATCAAAA[A/G]GAACAAGCATCAAGCACGCAGCAATGCAGCTCAAA","A","G","G","A","---","---","D3S2893E // upstream // 1315","---","---","---","---","---","1","0","---","---","---","---","---"
Axiom_GW_CHB2.na35.annot.csv:"AX-37116937","Affx-34462257","---","2","MT","8427","8427","+","0","---","GCCCACCATAATTACCCCCATACTCCTTACACTAT[C/T]CCTCATCACCCAACTAAAAATATTAAACACAAACT","T","C","T","C","---","---","D1S2077E // downstream // 737 /// D5S1608E // upstream // 6385","---","---","---","---","---","1","0","---","---","---","---","---"
Axiom_GW_CHB2.na35.annot.csv:"AX-37116939","Affx-34462264","rs3135028","2","MT","8584","8584","+","0","---","CATTCATTGCCCCCACAATCCTAGGCCTACCCGCC[A/G]CAGTACTGATCATTCTATTTCCCCCTCTATTGATC","A","G","G","A","---","---","D1S2077E // downstream // 894 /// D5S1608E // upstream // 6228","---","---","---","YES","same","1","0","---","---","---","---","---"
Axiom_GW_CHB2.na35.annot.csv:"AX-37116941","Affx-34462282","rs41432347","2","MT","8869","8869","+","0","---","CCATGGCCATCCCCTTATGAGCGGGCACAGTGATT[A/G]TAGGCTTTCGCTCTAAGATTAAAAATGCCCTAGCC","A","G","A","G","---","---","D1S2077E // downstream // 1179 /// D5S1608E // upstream // 5943","---","---","---","---","same","1","0","---","---","---","---","---"
Axiom_GW_CHB2.na35.annot.csv:"AX-37116943","Affx-34462296","---","2","MT","9072","9072","+","0","---","ATGCACCTAATTGGAAGCGCCACCCTAGCAATATC[A/G]ACCATTAACCTTCCCTCTACACTTATCATCTTCAC","A","G","A","G","---","---","D1S2077E // downstream // 1382 /// D5S1608E // upstream // 5740","---","---","---","---","---","1","0","---","---","---","---","---"
Axiom_GW_CHB2.na35.annot.csv:"AX-37116945","Affx-34462299","rs41513156","2","MT","9093","9093","+","0","---","ACCCTAGCAATATCAACCATTAACCTTCCCTCTAC[A/G]CTTATCATCTTCACAATTCTAATTCTACTGACTAT","A","G","A","G","---","---","D1S2077E // downstream // 1403 /// D5S1608E // upstream // 5719","---","---","---","---","same","1","0","---","---","---","---","---"
