Axiom_BioBank1.na35.annot.csv:"AX-11414497","Affx-52321550","---","2","MT","15823","15823","+","0","---","ACCATCATTGGACAAGTAGCATCCGTACTATACTT[A/G]ACAACAATCCTAATCCTAATACCAACTATCTCCCT","A","G",".","A/G","---","---","D1S2076E // downstream // 125","---","---","---","---","---","1","0","---","---","---","---","---"
Axiom_BioBank1.na35.annot.csv:"AX-11414537","Affx-52321602","---","2","MT","2787","2787","+","0","---","CAAACAGTACCTAACAAACCCACAGGTCCTAAACT[C/T]CCAAACCTGCATTAAAAATTTCGGTTGGGGCGACC","T","C",".","C/T","---","---","D3S2893E // downstream // 724 /// D17S1473E // upstream // 953 /// D11S4926E // within // 0","---","---","---","---","---","1","0","---","---","---","---","---"
Axiom_BioBank1.na35.annot.csv:"AX-11414554","Affx-52321451","---","2","MT","11968","11968","+","0","---","ACTCTCCTACTTACAGGACTCAACATACTAGTCAC[A/G]GCCCTATACTCCCTCTACATATTTACCACAACACA","A","G","A","G","---","---","D1S2077E // downstream // 4278 /// D5S1608E // upstream // 2844","---","---","---","---","---","1","0","---","---","---","---","---"
Axiom_BioBank1.na35.annot.csv:"AX-11414564","Affx-52321487","---","2","MT","13879","13879","+","0","---","ACCTCAACTACCTAACCAACAAACTTAAAATAAAA[A/C]CCCCACTATGCACATTTTATTTCTCCAACATACTC","A","C",".","A/C","---","---","D1S2077E // downstream // 6189 /// D5S1608E // upstream // 933","---","---","---","---","---","1","0","---","---","---","---","---"
Axiom_BioBank1.na35.annot.csv:"AX-11414565","Affx-52321488","---","2","MT","13885","13885","+","0","---","ACTACCTAACCAACAAACTTAAAATAAAATCCCCA[C/T]TATGCACATTTTATTTCTCCAACATACTCGGATTC","T","C","C","T","---","---","D1S2077E // downstream // 6195 /// D5S1608E // upstream // 927","---","---","---","---","---","1","0","---","---","---","---","---"
Axiom_BioBank1.na35.annot.csv:"AX-11414568","Affx-52321497","---","2","MT","13999","13999","+","0","---","TTACGAGCCAAAACCTGCCCCTACTCCTCCTAGAC[A/T]TAACCTGACTAGAAAAGCTATTACCTAAAACAATT","A","T",".","A/T","---","---","D1S2077E // downstream // 6309 /// D5S1608E // upstream // 813","---","---","---","---","---","2","0","---","---","---","---","---"
Axiom_BioBank1.na35.annot.csv:"AX-11418907","Affx-52321445","---","2","MT","11171","11171","+","0","---","TTATCCCCACCTTGGCTATCATCACCCGATGAGGC[A/G]ACCAGCCAGAACGCCTGAACGCAGGCACATACTTC","A","G","A","G","---","---","D1S2077E // downstream // 3481 /// D5S1608E // upstream // 3641","---","---","---","---","---","1","0","---","---","---","---","---"
Axiom_BioBank1.na35.annot.csv:"AX-37116885","Affx-52321592","rs41323649","2","MT","228","228","+","0","---","ACTTACTAAAGTGTGTTAATTAATTAATGCTTGTA[A/G]GACATAATAATAACAATTGAATGTCTGCACAGCCA","A","G","G","A","---","---","D3S2893E // upstream // 1835","---","---","---","---","same","1","0","---","---","---","---","---"
Axiom_BioBank1.na35.annot.csv:"AX-37116935","Affx-52321668","---","2","MT","748","748","+","0","---","CAGTGAGTTCACCCTCTAAATCACCACGATCAAAA[A/G]GAACAAGCATCAAGCACGCAGCAATGCAGCTCAAA","A","G","G","A","---","---","D3S2893E // upstream // 1315","---","---","---","---","---","1","0","---","---","---","---","---"
Axiom_BioBank1.na35.annot.csv:"AX-82885217","Affx-52321612","---","2","MT","3205","3205","+","0","---","CCCGTAAATGATATCATCTCAACTTAGTATTATAC[C/T]CACACCCACCCAAGAACAGGGTTTGTTAAGATGGC","T","C","C","T","---","---","D11S4926E // downstream // 492 /// D17S1473E // upstream // 535","---","---","---","---","---","1","0","---","---","---","---","---"
Axiom_BioBank1.na35.annot.csv:"AX-82888820","Affx-52321567","---","2","MT","15977","15977","+","0","---","TTTCCAAGGACAAATCAGAGAAAAAGTCTTTAACT[C/T]CACCATTAGCACCCAAAGCTAAGATTCTAATTTAA","T","C","C","T","---","---","D1S2076E // downstream // 279","---","---","---","---","---","1","0","---","---","---","---","---"
Axiom_BioBank1.na35.annot.csv:"AX-82903033","Affx-52321681","---","2","MT","8638","8638","+","0","---","TTCCCCCTCTATTGATCCCCACCTCCAAATATCTC[C/T]TCAACAACCGACTAATCACCACCCAACAATGACTA","T","C",".","C/T","---","---","D1S2077E // downstream // 948 /// D5S1608E // upstream // 6174","---","---","---","---","---","1","0","---","---","---","---","---"
Axiom_BioBank1.na35.annot.csv:"AX-82909866","Affx-52321691","---","2","MT","9024","9024","+","0","---","GCCCTGGCCGTACGCCTAACCGCTAACATTACTGC[A/G]GGCCACCTACTCATGCACCTAATTGGAAGCGCCAC","A","G","A","G","---","---","D1S2077E // downstream // 1334 /// D5S1608E // upstream // 5788","---","---","---","---","---","1","0","---","---","---","---","---"
Axiom_BioBank1.na35.annot.csv:"AX-82918915","Affx-52321674","---","2","MT","8254","8254","+","0","---","GAATTAATTCCCCTAAAAATCTTTGAAATAGGGCC[C/G]GTATTTACCCTATAGCACCCCCTCTACCCCCTCTA","C","G","C","G","---","---","D1S2077E // downstream // 564 /// D5S1608E // upstream // 6558","---","---","---","---","---","2","0","---","---","---","---","---"
Axiom_BioBank1.na35.annot.csv:"AX-82930679","Affx-52321515","---","2","MT","14797","14797","+","0","---","AAAACTAACCCCCTAATAAAATTAATTAACCACTC[C/T]TTCATCGACCTCCCCACCCCATCCAACATCTCCGC","T","C",".","C/T","---","---","D1S2077E // downstream // 7107 /// D5S1608E // upstream // 15","---","---","---","---","---","1","0","---","---","---","---","---"
Axiom_BioBank1.na35.annot.csv:"AX-82938182","Affx-52321537","---","2","MT","15380","15380","+","0","---","TGCACGAAACGGGATCAAACAACCCCCTAGGAATC[C/T]CCTCCCATTCCGATAAAATCACCTTCCACCCTTAC","T","C",".","C/T","---","---","D5F1781E // downstream // 189 /// D1S2076E // upstream // 318","---","---","---","---","---","1","0","---","---","---","---","---"
Axiom_BioBank1.na35.annot.csv:"AX-82947913","Affx-52321475","---","2","MT","13104","13104","+","0","---","GCCCTACTCCACTCAAGCACTATAGTTGTAGCAGG[A/G]ATCTTCTTACTCATCCGCTTCCACCCCCTAGCAGA","A","G","A","G","---","---","D1S2077E // downstream // 5414 /// D5S1608E // upstream // 1708","---","---","---","---","---","1","0","---","---","---","---","---"
Axiom_BioBank1.na35.annot.csv:"AX-82966992","Affx-52321541","---","2","MT","15457","15457","+","0","---","ATCAAAGACGCCCTCGGCTTACTTCTCTTCCTTCT[C/T]TCCTTAATGACATTAACACTATTCTCACCAGACCT","T","C","C","T","---","---","D5F1781E // downstream // 266 /// D1S2076E // upstream // 241","---","---","---","---","---","1","0","---","---","---","---","---"
Axiom_BioBank1.na35.annot.csv:"AX-82967629","Affx-52321655","---","2","MT","5912","5912","+","0","---","CTCAGCCATTTTACCTCACCCCCACTGATGTTCGC[A/G]GACCGTTGACTATTCTCTACAAACCACAAAGACAT","A","G",".","A/G","---","---","D17S1473E // downstream // 2172 /// D17S1653E // upstream // 1411","---","---","---","---","---","1","0","---","---","---","---","---"
Axiom_BioBank1.na35.annot.csv:"AX-82971014","Affx-52321682","---","2","MT","8653","8653","+","0","---","TCCCCACCTCCAAATATCTCATCAACAACCGACTA[C/T]TCACCACCCAACAATGACTAATCAAACTAACCTCA","T","C",".","C/T","---","---","D1S2077E // downstream // 963 /// D5S1608E // upstream // 6159","---","---","---","---","---","1","0","---","---","---","---","---"
Axiom_BioBank1.na35.annot.csv:"AX-82975255","Affx-52321494","---","2","MT","13957","13957","+","0","---","ACCCTAGCATCACACACCGCACAATCCCCTATCTA[C/G]GCCTTCTTACGAGCCAAAACCTGCCCCTACTCCTC","C","G","G","C","---","---","D1S2077E // downstream // 6267 /// D5S1608E // upstream // 855","---","---","---","---","---","2","0","---","---","---","---","---"
Axiom_BioBank1.na35.annot.csv:"AX-82978998","Affx-52321467","---","2","MT","1241","1241","+","0","---","GTTCTGTAATCGATAAACCCCGATCAACCTCACCA[C/T]CTCTTGCTCAGCCTATATACCGCCATCTTCAGCAA","T","C","C","T","---","---","D3S2893E // upstream // 822","---","---","---","---","---","1","0","---","---","---","---","---"
Axiom_BioBank1.na35.annot.csv:"AX-82989339","Affx-52321662","---","2","MT","6981","6981","+","0","---","TCACCGTAGGTGGCCTGACTGGCATTGTATTAGCA[A/G]ACTCATCACTAGACATCGTACTACACGACACGTAC","A","G","A","G","---","---","D17S1473E // downstream // 3241 /// D17S1653E // upstream // 342","---","---","---","---","---","1","0","---","---","---","---","---"
Axiom_BioBank1.na35.annot.csv:"AX-82991363","Affx-52321625","---","2","MT","3745","3745","+","0","---","CAGTAGCCCAAACAATCTCATATGAAGTCACCCTA[C/T]CCATCATTCTACTATCAACATTACTAATAAGTGGC","T","C",".","C/T","---","---","D11S4926E // downstream // 1032 /// D17S1653E // upstream // 3578 /// D17S1473E // within // 0","---","---","---","---","---","1","0","---","---","---","---","---"
Axiom_BioBank1.na35.annot.csv:"AX-82995531","Affx-52321520","---","2","MT","14978","14978","+","0","---","TCGCCCACATCACTCGAGACGTAAATTATGGCTGA[C/T]TCATCCGCTACCTTCACGCCAATGGCGCCTCAATA","T","C",".","C/T","---","---","D5S1608E // downstream // 166 /// D5F1781E // upstream // 213","---","---","---","---","---","1","0","---","---","---","---","---"
Axiom_BioBank1.na35.annot.csv:"AX-83005465","Affx-52321493","---","2","MT","13941","13941","+","0","---","AACATACTCGGATTCTACCCTAGCATCACACACCG[A/G]ACAATCCCCTATCTAGGCCTTCTTACGAGCCAAAA","A","G",".","A/G","---","---","D1S2077E // downstream // 6251 /// D5S1608E // upstream // 871","---","---","---","---","---","1","0","---","---","---","---","---"
Axiom_BioBank1.na35.annot.csv:"AX-83006020","Affx-52321607","---","2","MT","3008","3008","+","0","---","TAGGGTTTACGACCTCGATGTTGGATCAGGACATC[A/G]CGATGGTGCAGCCGCTATTAAAGGTTCGTTTGTTC","A","G",".","A/G","---","---","D11S4926E // downstream // 295 /// D17S1473E // upstream // 732","---","---","---","---","---","1","0","---","---","---","---","---"
Axiom_BioBank1.na35.annot.csv:"AX-83041438","Affx-52321471","---","2","MT","12819","12819","+","0","---","ATATCCTTCTTGCTCATCAGTTGATGATACGCCCG[A/G]GCAGATGCCAACACAGCAGCCATTCAAGCAATCCT","A","G","A","G","---","---","D1S2077E // downstream // 5129 /// D5S1608E // upstream // 1993","---","---","---","---","---","1","0","---","---","---","---","---"
Axiom_BioBank1.na35.annot.csv:"AX-83043001","Affx-52321426","---","2","MT","4011","4011","+","0","---","TTCATAGCCGAATACACAAACATTATTATAATAAA[A/G]ACCCTCACCACTACAATCTTCCTAGGAACAACATA","A","G",".","A/G","---","---","D17S1473E // downstream // 271 /// D17S1653E // upstream // 3312","---","---","---","---","---","1","0","---","---","---","---","---"
Axiom_BioBank1.na35.annot.csv:"AX-83060384","Affx-52321444","---","2","MT","11024","11024","+","0","---","TCATGGCAAGCCAACGCCACTTATCCAGTGAACCA[C/T]TATCACGAAAAAAACTCTACCTCTCTATACTAATC","T","C","C","T","---","---","D1S2077E // downstream // 3334 /// D5S1608E // upstream // 3788","---","---","---","---","---","1","0","---","---","---","---","---"
Axiom_BioBank1.na35.annot.csv:"AX-83076319","Affx-52321652","---","2","MT","5567","5567","+","0","---","GACCAAGAGCCTTCAAAGCCCTCAGTAAGTTGCAA[A/G]ACTTAATTTCTGTAACAGCTAAGGACTGCAAAACC","A","G",".","A/G","---","---","D17S1473E // downstream // 1827 /// D17S1653E // upstream // 1756","---","---","---","---","---","1","0","---","---","---","---","---"
Axiom_BioBank1.na35.annot.csv:"AX-83086155","Affx-52321441","---","2","MT","1046","1046","+","0","---","CAAAATAGACTACGAAAGTGGCTTTAACATATCTG[C/T]ACACACAATAGCTAAGACCCAAACTGGGATTAGAT","T","C",".","C/T","---","---","D3S2893E // upstream // 1017","---","---","---","---","---","1","0","---","---","---","---","---"
Axiom_BioBank1.na35.annot.csv:"AX-83095093","Affx-52321686","---","2","MT","8859","8859","+","0","---","ATAAACCTAGCCATGGCCATCCCCTTATGAGCGGG[A/G]ACAGTGATTATAGGCTTTCGCTCTAAGATTAAAAA","A","G",".","A/G","---","---","D1S2077E // downstream // 1169 /// D5S1608E // upstream // 5953","---","---","---","---","---","1","0","---","---","---","---","---"
Axiom_BioBank1.na35.annot.csv:"AX-83113630","Affx-52321518","---","2","MT","14926","14926","+","0","---","CTATTCCTAGCCATGCACTACTCACCAGACGCCTC[A/G]ACCGCCTTTTCATCAATCGCCCACATCACTCGAGA","A","G","A","G","---","---","D5S1608E // downstream // 114 /// D5F1781E // upstream // 265","---","---","---","---","---","1","0","---","---","---","---","---"
Axiom_BioBank1.na35.annot.csv:"AX-83121963","Affx-52321641","---","2","MT","460","460","+","0","---","AACAGTCACCCCCCAACTAACACATTATTTTCCCC[C/T]CCCACTCCCATACTACTAATCTCATCAATACAACC","T","C","T","C","---","---","D3S2893E // upstream // 1603","---","---","---","---","---","1","0","---","---","---","---","---"
Axiom_BioBank1.na35.annot.csv:"AX-83136550","Affx-52321605","---","2","MT","2883","2883","+","0","---","AGTACATGCTAAGACTTCACCAGTCAAAGCGAACT[C/T]CTATACTCAATTGATCCAATAACTTGACCAACGGA","T","C",".","C/T","---","---","D3S2893E // downstream // 820 /// D17S1473E // upstream // 857 /// D11S4926E // within // 0","---","---","---","---","---","1","0","---","---","---","---","---"
Axiom_BioBank1.na35.annot.csv:"AX-83146972","Affx-52321615","---","2","MT","3315","3315","+","0","---","AGAGGTTCAATTCCTCTTCTTAACAACATACCCAT[A/G]GCCAACCTCCTACTCCTCATTGTACCCATTCTAAT","A","G","G","A","---","---","D11S4926E // downstream // 602 /// D17S1473E // upstream // 425","---","---","---","---","---","1","0","---","---","---","---","---"
Axiom_BioBank1.na35.annot.csv:"AX-83147896","Affx-52321544","---","2","MT","15518","15518","+","0","---","CACCAGACCTCCTAGGCGACCCAGACAATTATACC[C/T]TAGCCAACCCCTTAAACACCCCTCCCCACATCAAG","T","C","C","T","---","---","D5F1781E // downstream // 327 /// D1S2076E // upstream // 180","---","---","---","---","---","1","0","---","---","---","---","---"
Axiom_BioBank1.na35.annot.csv:"AX-83148400","Affx-52321595","---","2","MT","2356","2356","+","0","---","ACATTCTCCTCCGCATAAGCCTGCGTCAGATTAAA[A/G]CACTGAACTGACAATTAACAGCCCAATATCTACAA","A","G","A","G","---","---","D3S2893E // downstream // 293 /// D11S4926E // upstream // 357","---","---","---","---","---","1","0","---","---","---","---","---"
Axiom_BioBank1.na35.annot.csv:"AX-83155761","Affx-52321452","---","2","MT","11983","11983","+","0","---","GGACTCAACATACTAGTCACAGCCCTATACTCCCT[C/T]TACATATTTACCACAACACAATGGGGCTCACTCAC","T","C","C","T","---","---","D1S2077E // downstream // 4293 /// D5S1608E // upstream // 2829","---","---","---","---","---","1","0","---","---","---","---","---"
Axiom_BioBank1.na35.annot.csv:"AX-83157862","Affx-52321666","---","2","MT","7406","7406","+","0","---","ATAAACCTGGAGTGACTATATGGATGCCCCCCACC[C/T]TACCACACATTCGAAGAACCCGTATACATAAAATC","T","C","C","T","---","---","D17S1653E // downstream // 83 /// D1S2077E // upstream // 284","---","---","---","---","---","1","0","---","---","---","---","---"
Axiom_BioBank1.na35.annot.csv:"AX-83167216","Affx-52321466","---","2","MT","12405","12405","+","0","---","CTGACTTCCCTAATTCCCCCCATCCTTACCACCCT[A/G]GTTAACCCTAACAAAAAAAACTCATACCCCCATTA","A","G",".","A/G","---","---","D1S2077E // downstream // 4715 /// D5S1608E // upstream // 2407","---","---","---","---","---","1","0","---","---","---","---","---"
Axiom_BioBank1.na35.annot.csv:"AX-83170569","Affx-52321430","---","2","MT","10043","10043","+","0","---","AGTACCGTTAACTTCCAATTAACTAGTTTTGACAA[A/G]ATTCAAAAAAGAGTAATAAACTTCGCCTTAATTTT","A","G",".","A/G","---","---","D1S2077E // downstream // 2353 /// D5S1608E // upstream // 4769","---","---","---","---","---","1","0","---","---","---","---","---"
Axiom_BioBank1.na35.annot.csv:"AX-83181323","Affx-52321638","---","2","MT","4490","4490","+","0","---","ACCCTTCCCGTACTAATTAATCCCCTGGCCCAACC[A/G]GTCATCTACTCTACCATCTTTGCAGGCACACTCAT","A","G",".","A/G","---","---","D17S1473E // downstream // 750 /// D17S1653E // upstream // 2833","---","---","---","---","---","1","0","---","---","---","---","---"
Axiom_BioBank1.na35.annot.csv:"AX-83186139","Affx-52321476","---","2","MT","13134","13134","+","0","---","GCAGGAATCTTCTTACTCATCCGCTTCCACCCCCT[A/G]GCAGAAAATAGCCCACTAATCCAAACTCTAACACT","A","G","A","G","---","---","D1S2077E // downstream // 5444 /// D5S1608E // upstream // 1678","---","---","---","---","---","1","0","---","---","---","---","---"
Axiom_BioBank1.na35.annot.csv:"AX-83189345","Affx-52321705","---","2","MT","9902","9902","+","0","---","CGCCAACTAATATTTCACTTTACATCCAAACATCA[C/T]TTTGGCTTCGAAGCCGCCGCCTGATACTGGCATTT","T","C","C","T","---","---","D1S2077E // downstream // 2212 /// D5S1608E // upstream // 4910","---","---","---","---","---","1","0","---","---","---","---","---"
Axiom_BioBank1.na35.annot.csv:"AX-83196872","Affx-52321648","---","2","MT","5300","5300","+","0","---","ATTATCGAAGAATTCACAAAAAACAATAGCCTCAT[A/G]ATCCCCACCATCATAGCCACCATCACCCTCCTTAA","A","G",".","A/G","---","---","D17S1473E // downstream // 1560 /// D17S1653E // upstream // 2023","---","---","---","---","---","1","0","---","---","---","---","---"
Axiom_BioBank1.na35.annot.csv:"AX-83202486","Affx-52321617","---","2","MT","3393","3393","+","0","---","GCATTCCTAATGCTTACCGAACGAAAAATTCTAGG[C/T]TATATACAACTACGCAAAGGCCCCAACGTTGTAGG","T","C","C","T","---","---","D11S4926E // downstream // 680 /// D17S1473E // upstream // 347","---","---","---","---","---","1","0","---","---","---","---","---"
Axiom_BioBank1.na35.annot.csv:"AX-83238668","Affx-52321545","---","2","MT","15661","15661","+","0","---","CTATTACTATCCATCCTCATCCTAGCAATAATCCC[A/G]ATCCTCCATATATCCAAACAACAAAGCATAATATT","A","G",".","A/G","---","---","D5F1781E // downstream // 470 /// D1S2076E // upstream // 37","---","---","---","---","---","1","0","---","---","---","---","---"
Axiom_BioBank1.na35.annot.csv:"AX-83241213","Affx-52321495","---","2","MT","13965","13965","+","0","---","ATCACACACCGCACAATCCCCTATCTAGGCCTTCT[A/G]ACGAGCCAAAACCTGCCCCTACTCCTCCTAGACCT","A","G",".","A/G","---","---","D1S2077E // downstream // 6275 /// D5S1608E // upstream // 847","---","---","---","---","---","1","0","---","---","---","---","---"
Axiom_BioBank1.na35.annot.csv:"AX-83249425","Affx-52321570","---","2","MT","1662","1662","+","0","---","CCAACTTACACTTAGGAGATTTCAACTTAACTTGA[A/G]CGCTCTGAGCTAAACCTAGCCCCAAACCCACTCCA","A","G",".","A/G","---","---","D3S2893E // upstream // 401","---","---","---","---","---","1","0","---","---","---","---","---"
Axiom_BioBank1.na35.annot.csv:"AX-83275366","Affx-52321696","---","2","MT","9141","9141","+","0","---","ACAATTCTAATTCTACTGACTATCCTAGAAATCGC[A/G]GTCGCCTTAATCCAAGCCTACGTTTTCACACTTCT","A","G",".","A/G","---","---","D1S2077E // downstream // 1451 /// D5S1608E // upstream // 5671","---","---","---","---","---","1","0","---","---","---","---","---"
Axiom_BioBank1.na35.annot.csv:"AX-83277185","Affx-52321593","---","2","MT","2330","2330","+","0","---","CTAATGTTAGTATAAGTAACATGAAAACATTCTCC[C/T]CCGCATAAGCCTGCGTCAGATTAAAACACTGAACT","T","C","T","C","---","---","D3S2893E // downstream // 267 /// D11S4926E // upstream // 383","---","---","---","---","---","1","0","---","---","---","---","---"
Axiom_BioBank1.na35.annot.csv:"AX-83293882","Affx-52321498","---","2","MT","14052","14052","+","0","---","CTATTACCTAAAACAATTTCACAGCACCAAATCTC[A/G]ACCTCCATCATCACCTCAACCCAAAAAGGCATAAT","A","G",".","A/G","---","---","D1S2077E // downstream // 6362 /// D5S1608E // upstream // 760","---","---","---","---","---","1","0","---","---","---","---","---"
Axiom_BioBank1.na35.annot.csv:"AX-83295112","Affx-52321442","---","2","MT","10505","10505","+","0","---","ATGCCCCTCATTTACATAAATATTATACTAGCATT[A/G]ACCATCTCACTTCTAGGAATACTAGTATATCGCTC","A","G",".","A/G","---","---","D1S2077E // downstream // 2815 /// D5S1608E // upstream // 4307","---","---","---","---","---","1","0","---","---","---","---","---"
Axiom_BioBank1.na35.annot.csv:"AX-83304963","Affx-52321457","---","2","MT","12307","12307","+","0","---","AAAGGATAACAGCTATCCATTGGTCTTAGGCCCCA[A/G]AAATTTTGGTGCAACTCCAAATAAAAGTAATAACC","A","G","A","G","---","---","D1S2077E // downstream // 4617 /// D5S1608E // upstream // 2505","---","---","---","---","---","1","0","---","---","---","---","---"
Axiom_BioBank1.na35.annot.csv:"AX-83312550","Affx-52321621","---","2","MT","3504","3504","+","0","---","CTCTTCACCAAAGAGCCCCTAAAACCCGCCACATC[A/G]ACCATCACCCTCTACATCACCGCCCCGACCTTAGC","A","G",".","A/G","---","---","D11S4926E // downstream // 791 /// D17S1473E // upstream // 236","---","---","---","---","---","1","0","---","---","---","---","---"
Axiom_BioBank1.na35.annot.csv:"AX-83321762","Affx-52321695","---","2","MT","9127","9127","+","0","---","CACTTATCATCTTCACAATTCTAATTCTACTGACT[C/T]TCCTAGAAATCGCTGTCGCCTTAATCCAAGCCTAC","T","C",".","C/T","---","---","D1S2077E // downstream // 1437 /// D5S1608E // upstream // 5685","---","---","---","---","---","1","0","---","---","---","---","---"
Axiom_BioBank1.na35.annot.csv:"AX-83325995","Affx-52321679","---","2","MT","8459","8459","+","0","---","TATTCCTCATCACCCAACTAAAAATATTAAACACA[A/G]ACTACCACCTACCTCCCTCACCAAAGCCCATAAAA","A","G","A","G","---","---","D1S2077E // downstream // 769 /// D5S1608E // upstream // 6353","---","---","---","---","---","1","0","---","---","---","---","---"
Axiom_BioBank1.na35.annot.csv:"AX-83332609","Affx-52321480","---","2","MT","13636","13636","+","0","---","ATAGCACTCGAATAATTCTTCTCACCCTAACAGGT[A/G]AACCTCGCTTCCCCACCCTTACTAACATTAACGAA","A","G",".","A/G","---","---","D1S2077E // downstream // 5946 /// D5S1608E // upstream // 1176","---","---","---","---","---","1","0","---","---","---","---","---"
Axiom_BioBank1.na35.annot.csv:"AX-83337830","Affx-52321583","---","2","MT","1840","1840","+","0","---","ATTATAACCAAGCATAATATAGCAAGGACTAACCC[A/G]TATACCTTCTGCATAATGAATTAACTAGAAATAAC","A","G",".","A/G","---","---","D3S2893E // upstream // 223","---","---","---","---","---","1","0","---","---","---","---","---"
Axiom_BioBank1.na35.annot.csv:"AX-83341123","Affx-52321620","---","2","MT","3496","3496","+","0","---","CCATAAAACTCTTCACCAAAGAGCCCCTAAAACCC[C/T]CCACATCTACCATCACCCTCTACATCACCGCCCCG","T","C",".","C/T","---","---","D11S4926E // downstream // 783 /// D17S1473E // upstream // 244","---","---","---","---","---","1","0","---","---","---","---","---"
Axiom_BioBank1.na35.annot.csv:"AX-83343920","Affx-52321500","---","2","MT","1404","1404","+","0","---","TTTCTACCCCAGAAAACTACGATAGCCCTTATGAA[C/T]CTTAAGGGTCGAAGGTGGATTTAGCAGTAAACTAA","T","C",".","C/T","---","---","D3S2893E // upstream // 659","---","---","---","---","---","1","0","---","---","---","---","---"
Axiom_BioBank1.na35.annot.csv:"AX-83344081","Affx-52321659","---","2","MT","6266","6266","+","0","---","CTACTCCTGCTCGCATCTGCTATAGTGGAGGCCGG[A/G]GCAGGAACAGGTTGAACAGTCTACCCTCCCTTAGC","A","G","A","G","---","---","D17S1473E // downstream // 2526 /// D17S1653E // upstream // 1057","---","---","---","---","---","1","0","---","---","---","---","---"
Axiom_BioBank1.na35.annot.csv:"AX-83353571","Affx-52321465","---","2","MT","12399","12399","+","0","---","CTAACCCTGACTTCCCTAATTCCCCCCATCCTTAC[A/G]ACCCTCGTTAACCCTAACAAAAAAAACTCATACCC","A","G",".","A/G","---","---","D1S2077E // downstream // 4709 /// D5S1608E // upstream // 2413","---","---","---","---","---","1","0","---","---","---","---","---"
Axiom_BioBank1.na35.annot.csv:"AX-83358456","Affx-52321502","---","2","MT","14147","14147","+","0","---","CTTCCCACTCATCCTAACCCTACTCCTAATCACAT[A/G]ACCTATTCCCCCGAGCAATCTCAATTACAATATAT","A","G","A","G","---","---","D1S2077E // downstream // 6457 /// D5S1608E // upstream // 665","---","---","---","---","---","1","0","---","---","---","---","---"
Axiom_BioBank1.na35.annot.csv:"AX-83369765","Affx-52321690","---","2","MT","8922","8922","+","0","---","ATTAAAAATGCCCTAGCCCACTTCTTACCACAAGG[A/G]ACACCTACACCCCTTATCCCCATACTAGTTATTAT","A","G",".","A/G","---","---","D1S2077E // downstream // 1232 /// D5S1608E // upstream // 5890","---","---","---","---","---","1","0","---","---","---","---","---"
Axiom_BioBank1.na35.annot.csv:"AX-83391940","Affx-52321516","---","2","MT","14830","14830","+","0","---","TCATTCATCGACCTCCCCACCCCATCCAACATCTC[A/G]GCATGATGAAACTTCGGCTCACTCCTTGGCGCCTG","A","G",".","A/G","---","---","D1S2077E // downstream // 7140 /// D5F1781E // upstream // 361 /// D5S1608E // within // 0","---","---","---","---","---","1","0","---","---","---","---","---"
Axiom_BioBank1.na35.annot.csv:"AX-83397374","Affx-52321472","---","2","MT","12936","12936","+","0","---","TTTATCCTACACTCCAACTCATGAGACCCACAACA[A/G]ATAGCCCTTCTAAACGCTAATCCAAGCCTCACCCC","A","G","A","G","---","---","D1S2077E // downstream // 5246 /// D5S1608E // upstream // 1876","---","---","---","---","---","1","0","---","---","---","---","---"
Axiom_BioBank1.na35.annot.csv:"AX-83404243","Affx-52321543","---","2","MT","15496","15496","+","0","---","TTAATGACATTAACACTATTCTCACCAGACCTCCT[A/G]GGCGACCCAGACAATTATACCCTAGCCAACCCCTT","A","G","A","G","---","---","D5F1781E // downstream // 305 /// D1S2076E // upstream // 202","---","---","---","---","---","1","0","---","---","---","---","---"
Axiom_BioBank1.na35.annot.csv:"AX-83411662","Affx-52321618","---","2","MT","3397","3397","+","0","---","TCCTAATGCTTACCGAACGAAAAATTCTAGGCTAT[C/T]TACAACTACGCAAAGGCCCCAACGTTGTAGGCCCC","T","C",".","C/T","---","---","D11S4926E // downstream // 684 /// D17S1473E // upstream // 343","---","---","---","---","---","1","0","---","---","---","---","---"
Axiom_BioBank1.na35.annot.csv:"AX-83412426","Affx-52321499","---","2","MT","14058","14058","+","0","---","CCTAAAACAATTTCACAGCACCAAATCTCCACCTC[A/G]ATCATCACCTCAACCCAAAAAGGCATAATTAAACT","A","G",".","A/G","---","---","D1S2077E // downstream // 6368 /// D5S1608E // upstream // 754","---","---","---","---","---","1","0","---","---","---","---","---"
Axiom_BioBank1.na35.annot.csv:"AX-83449294","Affx-52321639","---","2","MT","4560","4560","+","0","---","TCACAGCGCTAAGCTCGCACTGATTTTTTACCTGA[C/T]TAGGCCTAGAAATAAACATGCTAGCTTTTATTCCA","T","C",".","C/T","---","---","D17S1473E // downstream // 820 /// D17S1653E // upstream // 2763","---","---","---","---","---","1","0","---","---","---","---","---"
Axiom_BioBank1.na35.annot.csv:"AX-83461816","Affx-52321642","---","2","MT","4638","4638","+","0","---","CCAAAAAAATAAACCCTCGTTCCACAGAAGCTGCC[C/T]TCAAGTATTTCCTCACGCAAGCAACCGCATCCATA","T","C",".","C/T","---","---","D17S1473E // downstream // 898 /// D17S1653E // upstream // 2685","---","---","---","---","---","1","0","---","---","---","---","---"
Axiom_BioBank1.na35.annot.csv:"AX-83464595","Affx-52321632","---","2","MT","4128","4128","+","0","---","ACCCTACTTCTAACCTCCCTGTTCTTATGAATTCG[A/G]ACAGCATACCCCCGATTCCGCTACGACCAACTCAT","A","G","A","G","---","---","D17S1473E // downstream // 388 /// D17S1653E // upstream // 3195","---","---","---","---","---","1","0","---","---","---","---","---"
Axiom_BioBank1.na35.annot.csv:"AX-83468750","Affx-52321589","---","2","MT","2216","2216","+","0","---","AGCAGCCACCAATTAAGAAAGCGTTCAAGCTCAAC[C/T]CCCACTACCTAAAAAATCCCAAACATATAACTGAA","T","C",".","C/T","---","---","D3S2893E // downstream // 153 /// D11S4926E // upstream // 497","---","---","---","---","---","1","0","---","---","---","---","---"
Axiom_BioBank1.na35.annot.csv:"AX-83472803","Affx-52321509","---","2","MT","14501","14501","+","0","---","TATATCCAAAGACAACCATCATTCCCCCTAAATAA[C/T]TTAAAAAAACTATTAAACCCATATAACCTCCCCCA","T","C",".","C/T","---","---","D1S2077E // downstream // 6811 /// D5S1608E // upstream // 311","---","---","---","---","---","1","0","---","---","---","---","---"
Axiom_BioBank1.na35.annot.csv:"AX-83477635","Affx-52321624","---","2","MT","3735","3735","+","0","---","GCACTGCGAGCAGTAGCCCAAACAATCTCATATGA[A/G]GTCACCCTAGCCATCATTCTACTATCAACATTACT","A","G","A","G","---","---","D11S4926E // downstream // 1022 /// D17S1473E // upstream // 5","---","---","---","---","---","1","0","---","---","---","---","---"
Axiom_BioBank1.na35.annot.csv:"AX-83478308","Affx-52321462","---","2","MT","12360","12360","+","0","---","CAAATAAAAGTAATAACCATGCACACTACTATAAC[A/G]ACCCTAACCCTGACTTCCCTAATTCCCCCCATCCT","A","G",".","A/G","---","---","D1S2077E // downstream // 4670 /// D5S1608E // upstream // 2452","---","---","---","---","---","1","0","---","---","---","---","---"
Axiom_BioBank1.na35.annot.csv:"AX-83481780","Affx-52321656","---","2","MT","604","604","+","0","---","CCCCCACAGTTTATGTAGCTTACCTCCTCAAAGCA[A/G]TACACTGAAAATGTTTAGACGGGCTCACATCACCC","A","G","A","G","---","---","D3S2893E // upstream // 1459","---","---","---","---","---","1","0","---","---","---","---","---"
Axiom_BioBank1.na35.annot.csv:"AX-83483261","Affx-52321601","---","2","MT","2770","2770","+","0","---","GCTTTAATTTATTAATGCAAACAGTACCTAACAAA[C/T]CCACAGGTCCTAAACTACCAAACCTGCATTAAAAA","T","C","C","T","---","---","D3S2893E // downstream // 707 /// D17S1473E // upstream // 970 /// D11S4926E // within // 0","---","---","---","---","---","1","0","---","---","---","---","---"
Axiom_BioBank1.na35.annot.csv:"AX-83485065","Affx-52321635","---","2","MT","4311","4311","+","0","---","ATAAAAGAGTTACTTTGATAGAGTAAATAATAGGA[C/T]CTTAAACCCCCTTATTTCTAGGACTATGAGAATCG","T","C",".","C/T","---","---","D17S1473E // downstream // 571 /// D17S1653E // upstream // 3012","---","---","---","---","---","1","0","---","---","---","---","---"
Axiom_BioBank1.na35.annot.csv:"AX-83485467","Affx-52321431","---","2","MT","1003","1003","+","0","---","TAAAGCTAAAACTCACCTGAGTTGTAAAAAACTCC[C/T]GTTGACACAAAATAGACTACGAAAGTGGCTTTAAC","T","C",".","C/T","---","---","D3S2893E // upstream // 1060","---","---","---","---","---","1","0","---","---","---","---","---"
Axiom_BioBank1.na35.annot.csv:"AX-83485721","Affx-52321437","---","2","MT","10344","10344","+","0","---","TGCCACTAATAGTTATGTCATCCCTCTTATTAATC[C/T]TCATCCTAGCCCTAAGTCTGGCCTATGAGTGACTA","T","C",".","C/T","---","---","D1S2077E // downstream // 2654 /// D5S1608E // upstream // 4468","---","---","---","---","---","1","0","---","---","---","---","---"
Axiom_BioBank1.na35.annot.csv:"AX-83488115","Affx-52321428","---","2","MT","10030","10030","+","0","---","TTTTAGTATAAATAGTACCGTTAACTTCCAATTAA[C/T]TAGTTTTGACAACATTCAAAAAAGAGTAATAAACT","T","C","C","T","---","---","D1S2077E // downstream // 2340 /// D5S1608E // upstream // 4782","---","---","---","---","---","1","0","---","---","---","---","---"
Axiom_BioBank1.na35.annot.csv:"AX-83519233","Affx-52321571","---","2","MT","1692","1692","+","0","---","CTTGACCGCTCTGAGCTAAACCTAGCCCCAAACCC[C/T]CTCCACCTTACTACCAGACAACCTTAGCCAAACCA","T","C",".","C/T","---","---","D3S2893E // upstream // 371","---","---","---","---","---","1","0","---","---","---","---","---"
Axiom_BioBank1.na35.annot.csv:"AX-83521975","Affx-52321489","rs367969815","2","MT","13923","13923","+","0","---","TGCACATTTTATTTCTCCAACATACTCGGATTCTA[C/T]CCTAGCATCACACACCGCACAATCCCCTATCTAGG","T","C","C","T","---","---","D1S2077E // downstream // 6233 /// D5S1608E // upstream // 889","---","---","---","---","same","1","0","---","---","---","---","---"
Axiom_BioBank1.na35.annot.csv:"AX-83523255","Affx-52321463","---","2","MT","6662","6662","+","0","---","GAAGTTTATATTCTTATCCTACCAGGCTTCGGAAT[A/G]ATCTCCCATATTGTAACTTACTACTCCGGAAAAAA","A","G","A","G","---","---","D17S1473E // downstream // 2922 /// D17S1653E // upstream // 661","---","---","---","---","---","1","0","---","---","---","---","---"
Axiom_BioBank1.na35.annot.csv:"AX-83529425","Affx-52321521","---","2","MT","15037","15037","+","0","---","GGCGCCTCAATATTCTTTATCTGCCTCTTCCTACA[A/G]ATCGGGCGAGGCCTATATTACGGATCATTTCTCTA","A","G",".","A/G","---","---","D5S1608E // downstream // 225 /// D5F1781E // upstream // 154","---","---","---","---","---","1","0","---","---","---","---","---"
Axiom_BioBank1.na35.annot.csv:"AX-83534680","Affx-52321552","---","2","MT","15850","15850","+","0","---","CTATACTTCACAACAATCCTAATCCTAATACCAAC[A/G]ATCTCCCTAATTGAAAACAAAATACTCAAATGGGC","A","G",".","A/G","---","---","D1S2076E // downstream // 152","---","---","---","---","---","1","0","---","---","---","---","---"
Axiom_BioBank1.na35.annot.csv:"AX-83536040","Affx-52321528","---","2","MT","15203","15203","+","0","---","GAGGGGCCACAGTAATTACAAACTTACTATCCGCC[C/T]TCCCATACATTGGGACAGACCTAGTTCAATGAATC","T","C",".","C/T","---","---","D5S1608E // downstream // 391 /// D1S2076E // upstream // 495 /// D5F1781E // within // 0","---","---","---","---","---","1","0","---","---","---","---","---"
Axiom_BioBank1.na35.annot.csv:"AX-83545363","Affx-52321532","---","2","MT","15262","15262","+","0","---","GTTCAATGAATCTGAGGAGGCTACTCAGTAGACAG[C/T]CCCACCCTCACACGATTCTTTACCTTTCACTTCAT","T","C","T","C","---","---","D5S1608E // downstream // 450 /// D1S2076E // upstream // 436 /// D5F1781E // within // 0","---","---","---","---","---","1","0","---","---","---","---","---"
Axiom_BioBank1.na35.annot.csv:"AX-83566583","Affx-52321628","---","2","MT","4023","4023","+","0","---","TACACAAACATTATTATAATAAACACCCTCACCAC[A/G]ACAATCTTCCTAGGAACAACATATGACGCACTCTC","A","G",".","A/G","---","---","D17S1473E // downstream // 283 /// D17S1653E // upstream // 3300","---","---","---","---","---","1","0","---","---","---","---","---"
Axiom_BioBank1.na35.annot.csv:"AX-83575482","Affx-52321455","---","2","MT","12235","12235","+","0","---","ATTTACCGAGAAAGCTCACAAGAACTGCTAACTCA[A/G]GCCCCCATGTCTAACAACATGGCTTTCTCAACTTT","A","G",".","A/G","---","---","D1S2077E // downstream // 4545 /// D5S1608E // upstream // 2577","---","---","---","---","---","1","0","---","---","---","---","---"
Axiom_BioBank1.na35.annot.csv:"AX-83575611","Affx-52321611","---","2","MT","3199","3199","+","0","---","CCTTCCCCCGTAAATGATATCATCTCAACTTAGTA[A/T]TATACCCACACCCACCCAAGAACAGGGTTTGTTAA","A","T","T","A","---","---","D11S4926E // downstream // 486 /// D17S1473E // upstream // 541","---","---","---","---","---","2","0","---","---","---","---","---"
Axiom_BioBank1.na35.annot.csv:"AX-83581871","Affx-52321522","---","2","MT","15070","15070","+","0","---","CACATCGGGCGAGGCCTATATTACGGATCATTTCT[C/T]TACTCAGAAACCTGAAACATCGGCATTATCCTCCT","T","C","C","T","---","---","D5S1608E // downstream // 258 /// D5F1781E // upstream // 121","---","---","---","---","---","1","0","---","---","---","---","---"
Axiom_BioBank1.na35.annot.csv:"AX-83581994","Affx-52321694","---","2","MT","9097","9097","+","0","---","TAGCAATATCAACCATTAACCTTCCCTCTACACTT[C/T]TCATCTTCACAATTCTAATTCTACTGACTATCCTA","T","C",".","C/T","---","---","D1S2077E // downstream // 1407 /// D5S1608E // upstream // 5715","---","---","---","---","---","1","0","---","---","---","---","---"
Axiom_BioBank1.na35.annot.csv:"AX-83583858","Affx-52321654","---","2","MT","5820","5820","+","0","---","TTCTTCGAATTTGCAATTCAATATGAAAATCACCT[A/G]GGAGCTGGTAAAAAGAGGCCTAACCCCTGTCTTTA","A","G",".","A/G","---","---","D17S1473E // downstream // 2080 /// D17S1653E // upstream // 1503","---","---","---","---","---","1","0","---","---","---","---","---"
Axiom_BioBank1.na35.annot.csv:"AX-83584438","Affx-52321687","---","2","MT","8868","8868","+","0","---","GCCATGGCCATCCCCTTATGAGCGGGCACAGTGAT[A/G]ATAGGCTTTCGCTCTAAGATTAAAAATGCCCTAGC","A","G",".","A/G","---","---","D1S2077E // downstream // 1178 /// D5S1608E // upstream // 5944","---","---","---","---","---","1","0","---","---","---","---","---"
Axiom_BioBank1.na35.annot.csv:"AX-83589457","Affx-52321507","---","2","MT","1436","1436","+","0","---","GAAACTTAAGGGTCGAAGGTGGATTTAGCAGTAAA[A/G]TAAGAGTAGAGTGCTTAGTTGAACAGGGCCCTGAA","A","G",".","A/G","---","---","D3S2893E // upstream // 627","---","---","---","---","---","1","0","---","---","---","---","---"
Axiom_BioBank1.na35.annot.csv:"AX-83594718","Affx-52321706","---","2","MT","9965","9965","+","0","---","TGGCATTTTGTAGATGTGGTTTGACTATTTCTGTA[A/G]GTCTCCATCTATTGATGAGGGTCTTACTCTTTTAG","A","G",".","A/G","---","---","D1S2077E // downstream // 2275 /// D5S1608E // upstream // 4847","---","---","---","---","---","1","0","---","---","---","---","---"
