Axiom_GW_HuOrigin.na35.annot.csv:"AX-11096408","Affx-34462165","rs1015433","2","MT","6527","6527","+","0","---","CTATCTCTCCCAGTCCTAGCTGCTGGCATCACTAT[A/G]CTACTAACAGACCGCAACCTCAACACCACCTTCTT","A","G","A","G","---","---","D17S1473E // downstream // 2787 /// D17S1653E // upstream // 796","---","---","---","---","same","1","0","---","---","---","---","---"
Axiom_GW_HuOrigin.na35.annot.csv:"AX-11357039","Affx-34462183","---","2","MT","6826","6826","+","0","---","AATAGACGTAGACACACGAGCATATTTCACCTCCG[C/T]TACCATAATCATCGCTATCCCCACCGGCGTCAAAG","T","C","C","T","---","---","D17S1473E // downstream // 3086 /// D17S1653E // upstream // 497","---","---","---","---","---","1","0","---","---","---","---","---"
Axiom_GW_HuOrigin.na35.annot.csv:"AX-11357385","Affx-34462290","---","2","MT","8974","8974","+","0","---","TCCCCATACTAGTTATTATCGAAACCATCAGCCTA[C/T]TCATTCAACCAATAGCCCTGGCCGTACGCCTAACC","T","C","C","T","---","---","D1S2077E // downstream // 1284 /// D5S1608E // upstream // 5838","---","---","---","---","---","1","0","---","---","---","---","---"
Axiom_GW_HuOrigin.na35.annot.csv:"AX-11359144","Affx-34461788","rs2001030","2","MT","1438","1438","+","0","---","AACTTAAGGGTCGAAGGTGGATTTAGCAGTAAACT[A/G]AGAGTAGAGTGCTTAGTTGAACAGGGCCCTGAAGC","A","G","A","G","---","---","D3S2893E // upstream // 625","---","---","---","YES","same","1","0","---","---","---","---","---"
Axiom_GW_HuOrigin.na35.annot.csv:"AX-11359145","Affx-34462281","rs2001031","2","MT","8860","8860","+","0","---","TAAACCTAGCCATGGCCATCCCCTTATGAGCGGGC[A/G]CAGTGATTATAGGCTTTCGCTCTAAGATTAAAAAT","A","G","A","G","---","---","D1S2077E // downstream // 1170 /// D5S1608E // upstream // 5952","---","---","---","---","same","1","0","---","---","---","---","---"
Axiom_GW_HuOrigin.na35.annot.csv:"AX-11360020","Affx-34462190","rs2015062","2","MT","7028","7028","+","0","---","GACATCGTACTACACGACACGTACTACGTTGTAGC[C/T]CACTTCCACTATGTCCTATCAATAGGAGCTGTATT","T","C","C","T","---","---","D17S1473E // downstream // 3288 /// D17S1653E // upstream // 295","---","---","---","YES","same","1","0","---","---","---","---","---"
Axiom_GW_HuOrigin.na35.annot.csv:"AX-11383154","Affx-34462301","rs2298009","2","MT","9120","9120","+","0","---","CCCTCTACACTTATCATCTTCACAATTCTAATTCT[A/G]CTGACTATCCTAGAAATCGCTGTCGCCTTAATCCA","A","G","A","G","---","---","D1S2077E // downstream // 1430 /// D5S1608E // upstream // 5692","---","---","---","---","same","1","0","---","---","---","---","---"
Axiom_GW_HuOrigin.na35.annot.csv:"AX-11383155","Affx-34462305","rs2298011","2","MT","9180","9180","+","0","---","GCCTTAATCCAAGCCTACGTTTTCACACTTCTAGT[A/G]AGCCTCTACCTGCACGACAACACATAATGACCCAC","A","G","A","G","---","---","D1S2077E // downstream // 1490 /// D5S1608E // upstream // 5632","---","---","---","---","same","1","0","---","---","---","---","---"
Axiom_GW_HuOrigin.na35.annot.csv:"AX-11414493","Affx-34461818","---","2","MT","15216","15216","+","0","---","AATTACAAACTTACTATCCGCCATCCCATACATTG[A/G]GACAGACCTAGTTCAATGAATCTGAGGAGGCTACT","A","G","G","A","---","---","D5S1608E // downstream // 404 /// D1S2076E // upstream // 482 /// D5F1781E // within // 0","---","---","---","---","---","1","0","---","---","---","---","---"
Axiom_GW_HuOrigin.na35.annot.csv:"AX-11414494","Affx-34461833","---","2","MT","15606","15606","+","0","---","ATTCGCCTACACAATTCTCCGATCCGTCCCTAACA[A/G]ACTAGGAGGCGTCCTTGCCCTATTACTATCCATCC","A","G","A","G","---","---","D5F1781E // downstream // 415 /// D1S2076E // upstream // 92","---","---","---","---","---","1","0","---","---","---","---","---"
Axiom_GW_HuOrigin.na35.annot.csv:"AX-11414495","Affx-34461834","rs28357373","2","MT","15629","15629","+","0","---","CCGTCCCTAACAAACTAGGAGGCGTCCTTGCCCTA[C/T]TACTATCCATCCTCATCCTAGCAATAATCCCCATC","T","C","T","C","---","---","D5F1781E // downstream // 438 /// D1S2076E // upstream // 69","---","---","---","YES","same","1","0","---","---","---","---","---"
Axiom_GW_HuOrigin.na35.annot.csv:"AX-11414499","Affx-34461772","rs28357669","2","MT","14152","14152","+","0","---","CACTCATCCTAACCCTACTCCTAATCACATAACCT[A/G]TTCCCCCGAGCAATCTCAATTACAATATATACACC","A","G","A","G","---","---","D1S2077E // downstream // 6462 /// D5S1608E // upstream // 660","---","---","---","YES","same","1","0","---","---","---","---","---"
Axiom_GW_HuOrigin.na35.annot.csv:"AX-11414500","Affx-34461778","---","2","MT","14211","14211","+","0","---","AATATATACACCAACAAACAATGTTCAACCAGTAA[C/T]TACTACTAATCAACGCCCATAATCATACAAAGCCC","T","C","C","T","---","---","D1S2077E // downstream // 6521 /// D5S1608E // upstream // 601","---","---","---","---","---","1","0","---","---","---","---","---"
Axiom_GW_HuOrigin.na35.annot.csv:"AX-11414501","Affx-34461782","---","2","MT","14283","14283","+","0","---","CGCACCAATAGGATCCTCCCGAATCAACCCTGACC[C/T]CTCTCCTTCATAAATTATTCAGCTTCCTACACTAT","T","C","C","T","---","---","D1S2077E // downstream // 6593 /// D5S1608E // upstream // 529","---","---","---","---","---","1","0","---","---","---","---","---"
Axiom_GW_HuOrigin.na35.annot.csv:"AX-11414505","Affx-34461793","rs28357677","2","MT","14566","14566","+","0","---","CCCCCAAAATTCAGAATAATAACACACCCGACCAC[A/G]CCGCTAACAATCAATACTAAACCCCCATAAATAGG","A","G","A","G","---","---","D1S2077E // downstream // 6876 /// D5S1608E // upstream // 246","---","---","---","YES","same","1","0","---","---","---","---","---"
Axiom_GW_HuOrigin.na35.annot.csv:"AX-11414506","Affx-34461803","rs28357681","2","MT","14798","14798","+","0","---","AAACTAACCCCCTAATAAAATTAATTAACCACTCA[C/T]TCATCGACCTCCCCACCCCATCCAACATCTCCGCA","T","C","T","C","---","---","D1S2077E // downstream // 7108 /// D5S1608E // upstream // 14","---","---","---","YES","same","1","0","---","---","---","---","---"
Axiom_GW_HuOrigin.na35.annot.csv:"AX-11414507","Affx-34461806","---","2","MT","14905","14905","+","0","---","ATCCTCCAAATCACCACAGGACTATTCCTAGCCAT[A/G]CACTACTCACCAGACGCCTCAACCGCCTTTTCATC","A","G","G","A","---","---","D1S2077E // downstream // 7215 /// D5F1781E // upstream // 286 /// D5S1608E // within // 0","---","---","---","---","---","1","0","---","---","---","---","---"
Axiom_GW_HuOrigin.na35.annot.csv:"AX-11414509","Affx-34461812","---","2","MT","15042","15042","+","0","---","CTCAATATTCTTTATCTGCCTCTTCCTACACATCG[A/G]GCGAGGCCTATATTACGGATCATTTCTCTACTCAG","A","G","G","A","---","---","D5S1608E // downstream // 230 /// D5F1781E // upstream // 149","---","---","---","---","---","1","0","---","---","---","---","---"
Axiom_GW_HuOrigin.na35.annot.csv:"AX-11414513","Affx-34462083","rs200763872","2","MT","4883","4883","+","0","---","GGCCTGCTTCTTCTCACATGACAAAAACTAGCCCC[C/T]ATCTCAATCATATACCAAATCTCTCCCTCACTAAA","T","C","C","T","---","---","D17S1473E // downstream // 1143 /// D17S1653E // upstream // 2440","---","---","---","---","reverse","1","0","---","---","---","---","---"
Axiom_GW_HuOrigin.na35.annot.csv:"AX-11414514","Affx-34462088","rs28357981","2","MT","4977","4977","+","0","---","CAATCTTATCCATCATAGCAGGCAGTTGAGGTGGA[C/T]TAAACCAAACCCAGCTACGCAAAATCTTAGCATAC","T","C","T","C","---","---","D17S1473E // downstream // 1237 /// D17S1653E // upstream // 2346","---","---","---","YES","same","1","0","---","---","---","---","---"
Axiom_GW_HuOrigin.na35.annot.csv:"AX-11414515","Affx-34462107","---","2","MT","5284","5284","+","0","---","TTTGCCCAAATGGGCCATTATCGAAGAATTCACAA[A/G]AAACAATAGCCTCATCATCCCCACCATCATAGCCA","A","G","A","G","---","---","D17S1473E // downstream // 1544 /// D17S1653E // upstream // 2039","---","---","---","---","---","1","0","---","---","---","---","---"
Axiom_GW_HuOrigin.na35.annot.csv:"AX-11414520","Affx-34461572","rs28358274","2","MT","10086","10086","+","0","---","AAAGAGTAATAAACTTCGCCTTAATTTTAATAATC[A/G]ACACCCTCCTAGCCTTACTACTAATAATTATTACA","A","G","A","G","---","---","D1S2077E // downstream // 2396 /// D5S1608E // upstream // 4726","---","---","---","YES","same","1","0","---","---","---","---","---"
Axiom_GW_HuOrigin.na35.annot.csv:"AX-11414521","Affx-34461577","rs397515504","2","MT","10237","10237","+","0","---","CGTCCCTTTCTCCATAAAATTCTTCTTAGTAGCTA[C/T]TACCTTCTTATTATTTGATCTAGAAATTGCCCTCC","T","C","T","C","---","---","D1S2077E // downstream // 2547 /// D5S1608E // upstream // 4575","---","---","---","---","same","1","0","---","---","---","---","---"
Axiom_GW_HuOrigin.na35.annot.csv:"AX-11414522","Affx-34461584","---","2","MT","10372","10372","+","0","---","ATTAATCATCATCCTAGCCCTAAGTCTGGCCTATG[A/G]GTGACTACAAAAAGGATTAGACTGAACCGAATTGG","A","G","A","G","---","---","D1S2077E // downstream // 2682 /// D5S1608E // upstream // 4440","---","---","---","---","---","1","0","---","---","---","---","---"
Axiom_GW_HuOrigin.na35.annot.csv:"AX-11414523","Affx-34461586","---","2","MT","10399","10399","+","0","---","GGCCTATGAGTGACTACAAAAAGGATTAGACTGAA[C/T]CGAATTGGTATATAGTTTAAACAAAACGAATGATT","T","C","C","T","---","---","D1S2077E // downstream // 2709 /// D5S1608E // upstream // 4413","---","---","---","---","---","1","0","---","---","---","---","---"
Axiom_GW_HuOrigin.na35.annot.csv:"AX-11414524","Affx-34461595","rs28358281","2","MT","10586","10586","+","0","---","TCCTCCCTACTATGCCTAGAAGGAATAATACTATC[A/G]CTGTTCATTATAGCTACTCTCATAACCCTCAACAC","A","G","G","A","---","---","D1S2077E // downstream // 2896 /// D5S1608E // upstream // 4226","---","---","---","YES","same","1","0","---","---","---","---","---"
Axiom_GW_HuOrigin.na35.annot.csv:"AX-11414526","Affx-34461618","rs28358284","2","MT","11177","11177","+","0","---","CCACCTTGGCTATCATCACCCGATGAGGCAACCAG[C/T]CAGAACGCCTGAACGCAGGCACATACTTCCTATTC","T","C","C","T","---","---","D1S2077E // downstream // 3487 /// D5S1608E // upstream // 3635","---","---","---","YES","same","1","0","---","---","---","---","---"
Axiom_GW_HuOrigin.na35.annot.csv:"AX-11414527","Affx-34461624","---","2","MT","11298","11298","+","0","---","CAACACCCTAGGCTCACTAAACATTCTACTACTCA[C/T]TCTCACTGCCCAAGAACTATCAAACTCCTGAGCCA","T","C","C","T","---","---","D1S2077E // downstream // 3608 /// D5S1608E // upstream // 3514","---","---","---","---","---","1","0","---","---","---","---","---"
Axiom_GW_HuOrigin.na35.annot.csv:"AX-11414531","Affx-34462198","rs28358568","2","MT","710","710","+","0","---","AGCTCTTAGTAAGATTACACATGCAAGCATCCCCG[C/T]TCCAGTGAGTTCACCCTCTAAATCACCACGATCAA","T","C","T","C","---","---","D3S2893E // upstream // 1353","---","---","---","YES","same","1","0","---","---","---","---","---"
Axiom_GW_HuOrigin.na35.annot.csv:"AX-11414532","Affx-34461684","rs28358572","2","MT","1243","1243","+","0","---","TCTGTAATCGATAAACCCCGATCAACCTCACCACC[C/T]CTTGCTCAGCCTATATACCGCCATCTTCAGCAAAC","T","C","T","C","---","---","D3S2893E // upstream // 820","---","---","---","YES","same","1","0","---","---","---","---","---"
Axiom_GW_HuOrigin.na35.annot.csv:"AX-11414533","Affx-52321580","---","2","MT","1734","1734","+","0","---","CTTACTACCAGACAACCTTAGCCAAACCATTTACC[A/G]AAATAAAGTATAGGCGATAGAAATTGAAACCTGGC","A","G",".","A/G","---","---","D3S2893E // upstream // 329","---","---","---","---","---","1","0","---","---","---","---","---"
Axiom_GW_HuOrigin.na35.annot.csv:"AX-11414534","Affx-34461936","rs28358578","2","MT","2332","2332","+","0","---","AATGTTAGTATAAGTAACATGAAAACATTCTCCTC[C/T]GCATAAGCCTGCGTCAGATTAAAACACTGAACTGA","T","C","C","T","---","---","D3S2893E // downstream // 269 /// D11S4926E // upstream // 381","---","---","---","YES","same","1","0","---","---","---","---","---"
Axiom_GW_HuOrigin.na35.annot.csv:"AX-11414536","Affx-34461942","rs28358580","2","MT","2416","2416","+","0","---","AATATCTACAATCAACCAACAAGTCATTATTACCC[C/T]CACTGTCAACCCAACACAGGCATGCTCATAAGGAA","T","C","T","C","---","---","D3S2893E // downstream // 353 /// D11S4926E // upstream // 297","---","---","---","YES","same","1","0","---","---","---","---","---"
Axiom_GW_HuOrigin.na35.annot.csv:"AX-11414538","Affx-34461991","---","2","MT","3308","3308","+","0","---","TACAGTCAGAGGTTCAATTCCTCTTCTTAACAACA[C/T]ACCCATGGCCAACCTCCTACTCCTCATTGTACCCA","T","C","T","C","---","---","D11S4926E // downstream // 595 /// D17S1473E // upstream // 432","---","---","---","---","---","1","0","---","---","---","---","---"
Axiom_GW_HuOrigin.na35.annot.csv:"AX-11414539","Affx-34461999","---","2","MT","3449","3449","+","0","---","CCCCAACGTTGTAGGCCCCTACGGGCTACTACAAC[C/T]CTTCGCTGACGCCATAAAACTCTTCACCAAAGAGC","T","C","C","T","---","---","D11S4926E // downstream // 736 /// D17S1473E // upstream // 291","---","---","---","---","---","1","0","---","---","---","---","---"
Axiom_GW_HuOrigin.na35.annot.csv:"AX-11414540","Affx-34462000","---","2","MT","3479","3479","+","0","---","ACAACCCTTCGCTGACGCCATAAAACTCTTCACCA[A/G]AGAGCCCCTAAAACCCGCCACATCTACCATCACCC","A","G","A","G","---","---","D11S4926E // downstream // 766 /// D17S1473E // upstream // 261","---","---","---","---","---","1","0","---","---","---","---","---"
Axiom_GW_HuOrigin.na35.annot.csv:"AX-11414541","Affx-34462005","rs28358586","2","MT","3547","3547","+","0","---","CCCTCTACATCACCGCCCCGACCTTAGCTCTCACC[A/G]TCGCTCTTCTACTATGAACCCCCCTCCCCATACCC","A","G","A","G","---","---","D11S4926E // downstream // 834 /// D17S1473E // upstream // 193","---","---","---","YES","same","1","0","---","---","---","---","---"
Axiom_GW_HuOrigin.na35.annot.csv:"AX-11414547","Affx-34462236","---","2","MT","7867","7867","+","0","---","ATCCTTTACATAACAGACGAGGTCAACGATCCCTC[C/T]CTTACCATCAAATCAATTGGCCACCAATGGTACTG","T","C","C","T","---","---","D1S2077E // downstream // 177 /// D5S1608E // upstream // 6945","---","---","---","---","---","1","0","---","---","---","---","---"
Axiom_GW_HuOrigin.na35.annot.csv:"AX-11414555","Affx-34461672","rs28359170","2","MT","12236","12236","+","0","---","TTTACCGAGAAAGCTCACAAGAACTGCTAACTCAT[A/G]CCCCCATGTCTAACAACATGGCTTTCTCAACTTTT","A","G","G","A","---","---","D1S2077E // downstream // 4546 /// D5S1608E // upstream // 2576","---","---","---","YES","same","1","0","---","---","---","---","---"
Axiom_GW_HuOrigin.na35.annot.csv:"AX-11414557","Affx-34461691","rs28359172","2","MT","12612","12612","+","0","---","AAACTAGACTACTTCTCCATAATATTCATCCCTGT[A/G]GCATTGTTCGTTACATGGTCCATCATAGAATTCTC","A","G","A","G","---","---","D1S2077E // downstream // 4922 /// D5S1608E // upstream // 2200","---","---","---","YES","same","1","0","---","---","---","---","---"
Axiom_GW_HuOrigin.na35.annot.csv:"AX-11414558","Affx-34461697","---","2","MT","12692","12692","+","0","---","TATAAACTCAGACCCAAACATTAATCAGTTCTTCA[A/G]ATATCTACTCATCTTCCTAATTACCATACTAATCT","A","G","A","G","---","---","D1S2077E // downstream // 5002 /// D5S1608E // upstream // 2120","---","---","---","---","---","1","0","---","---","---","---","---"
Axiom_GW_HuOrigin.na35.annot.csv:"AX-11414559","Affx-34461717","---","2","MT","13262","13262","+","0","---","CATCAAAAAAATCGTAGCCTTCTCCACTTCAAGTC[A/G]ACTAGGACTCATAATAGTTACAATCGGCATCAACC","A","G","A","G","---","---","D1S2077E // downstream // 5572 /// D5S1608E // upstream // 1550","---","---","---","---","---","1","0","---","---","---","---","---"
Axiom_GW_HuOrigin.na35.annot.csv:"AX-11414560","Affx-34461730","rs28359176","2","MT","13485","13485","+","0","---","TCCCTCACCATTGGCAGCCTAGCATTAGCAGGAAT[A/G]CCTTTCCTCACAGGTTTCTACTCCAAAGACCACAT","A","G","A","G","---","---","D1S2077E // downstream // 5795 /// D5S1608E // upstream // 1327","---","---","---","YES","same","1","0","---","---","---","---","---"
Axiom_GW_HuOrigin.na35.annot.csv:"AX-11414561","Affx-34461738","rs28359177","2","MT","13590","13590","+","0","---","TGAGCCCTATCTATTACTCTCATCGCTACCTCCCT[A/G]ACAAGCGCCTATAGCACTCGAATAATTCTTCTCAC","A","G","G","A","---","---","D1S2077E // downstream // 5900 /// D5S1608E // upstream // 1222","---","---","---","YES","same","1","0","---","---","---","---","---"
Axiom_GW_HuOrigin.na35.annot.csv:"AX-11414562","Affx-34461745","rs28359178","2","MT","13708","13708","+","0","---","ATAACCCCACCCTACTAAACCCCATTAAACGCCTG[A/G]CAGCCGGAAGCCTATTCGCAGGATTTCTCATTACT","A","G","G","A","---","---","D1S2077E // downstream // 6018 /// D5S1608E // upstream // 1104","---","---","---","YES","same","1","0","---","---","---","---","---"
Axiom_GW_HuOrigin.na35.annot.csv:"AX-11414563","Affx-34461750","rs28359179","2","MT","13789","13789","+","0","---","CCCCCGCATCCCCCTTCCAAACAACAATCCCCCTC[C/T]ACCTAAAACTCACAGCCCTCGCTGTCACTTTCCTA","T","C","T","C","---","---","D1S2077E // downstream // 6099 /// D5S1608E // upstream // 1023","---","---","---","YES","same","1","0","---","---","---","---","---"
Axiom_GW_HuOrigin.na35.annot.csv:"AX-11414566","Affx-34461759","rs28359183","2","MT","13914","13914","+","0","---","TCCCCACTATGCACATTTTATTTCTCCAACATACT[A/C]GGATTCTACCCTAGCATCACACACCGCACAATCCC","A","C","C","A","---","---","D1S2077E // downstream // 6224 /// D5S1608E // upstream // 898","---","---","---","YES","same","1","0","---","---","---","---","---"
Axiom_GW_HuOrigin.na35.annot.csv:"AX-11415273","Affx-34461726","---","2","MT","13383","13383","+","0","---","ATACTATTTATGTGCTCCGGGTCCATCATCCACAA[C/T]CTTAACAATGAACAAGATATTCGAAAAATAGGAGG","T","C","C","T","---","---","D1S2077E // downstream // 5693 /// D5S1608E // upstream // 1429","---","---","---","---","---","1","0","---","---","---","---","---"
Axiom_GW_HuOrigin.na35.annot.csv:"AX-11415278","Affx-34462164","rs28371932","2","MT","6505","6505","+","0","---","AATCACAGCAGTCCTACTTCTCCTATCTCTCCCAG[C/T]CCTAGCTGCTGGCATCACTATACTACTAACAGACC","T","C","T","C","---","---","D17S1473E // downstream // 2765 /// D17S1653E // upstream // 818","---","---","---","---","same","1","0","---","---","---","---","---"
Axiom_GW_HuOrigin.na35.annot.csv:"AX-11415281","Affx-34461632","---","2","MT","11473","11473","+","0","---","GGGTCAATAGTACTTGCCGCAGTACTCTTAAAACT[A/G]GGCGGCTATGGTATAATACGCCTCACACTCATTCT","A","G","A","G","---","---","D1S2077E // downstream // 3783 /// D5S1608E // upstream // 3339","---","---","---","---","---","1","0","---","---","---","---","---"
Axiom_GW_HuOrigin.na35.annot.csv:"AX-11415458","Affx-34462192","rs28376380","2","MT","703","703","+","0","---","TTCTATTAGCTCTTAGTAAGATTACACATGCAAGC[A/C]TCCCCGTTCCAGTGAGTTCACCCTCTAAATCACCA","A","C","A","C","---","---","D3S2893E // upstream // 1360","---","---","---","---","same","1","0","---","---","---","---","---"
Axiom_GW_HuOrigin.na35.annot.csv:"AX-11415564","Affx-34461727","rs28379170","2","MT","13401","13401","+","0","---","GGGTCCATCATCCACAACCTTAACAATGAACAAGA[C/T]ATTCGAAAAATAGGAGGACTACTCAAAACCATACC","T","C","T","C","---","---","D1S2077E // downstream // 5711 /// D5S1608E // upstream // 1411","---","---","---","---","same","1","0","---","---","---","---","---"
Axiom_GW_HuOrigin.na35.annot.csv:"AX-11415579","Affx-34461701","rs28379632","2","MT","12762","12762","+","0","---","TTAGTTACCGCTAACAACCTATTCCAACTGTTCAT[A/C]GGCTGAGAGGGCGTAGGAATTATATCCTTCTTGCT","A","C","C","A","---","---","D1S2077E // downstream // 5072 /// D5S1608E // upstream // 2050","---","---","---","---","same","1","0","---","---","---","---","---"
Axiom_GW_HuOrigin.na35.annot.csv:"AX-11416017","Affx-34461721","rs28394599","2","MT","1327","1327","+","0","---","ACAAAGTAAGCGCAAGTACCCACGTAAAGACGTTA[A/G]GTCAAGGTGTAGCCCATGAGGTGGCAAGAAATGGG","A","G","G","A","---","---","D3S2893E // upstream // 736","---","---","---","---","same","1","0","---","---","---","---","---"
Axiom_GW_HuOrigin.na35.annot.csv:"AX-11416069","Affx-34461911","rs28396332","2","MT","1923","1923","+","0","---","GCCAAAGCTAAGACCCCCGAAACCAGACGAGCTAC[C/T]TAAGAACAGCTAAAAGAGCACACCCGTCTATGTAG","T","C","C","T","---","---","D3S2893E // upstream // 140","---","---","---","---","same","1","0","---","---","---","---","---"
Axiom_GW_HuOrigin.na35.annot.csv:"AX-11416402","Affx-34462304","---","2","MT","913","913","+","0","---","GTCAATTTCGTGCCAGCCACCGCGGTCACACGATT[A/C]ACCCAAGTCAATAGAAGCCGGCGTAAAGAGTGTTT","A","C","A","C","---","---","D3S2893E // upstream // 1150","---","---","---","---","---","1","0","---","---","---","---","---"
Axiom_GW_HuOrigin.na35.annot.csv:"AX-11416422","Affx-34461574","---","2","MT","10132","10132","+","0","---","AGCCTTACTACTAATAATTATTACATTTTGACTAC[A/C]ACAACTCAACGGCTACATAGAAAAATCCACCCCTT","A","C","C","A","---","---","D1S2077E // downstream // 2442 /// D5S1608E // upstream // 4680","---","---","---","---","---","1","0","---","---","---","---","---"
Axiom_GW_HuOrigin.na35.annot.csv:"AX-11416427","Affx-34462310","---","2","MT","9247","9247","+","0","---","CCACCAATCACATGCCTATCATATAGTAAAACCCA[A/G]CCCATGACCCCTAACAGGGGCCCTCTCAGCCCTCC","A","G","G","A","---","---","D1S2077E // downstream // 1557 /// D5S1608E // upstream // 5565","---","---","---","---","---","1","0","---","---","---","---","---"
Axiom_GW_HuOrigin.na35.annot.csv:"AX-11416440","Affx-34462170","---","2","MT","6613","6613","+","0","---","AGGAGACCCCATTCTATACCAACACCTATTCTGAT[G/T]TTTCGGTCACCCTGAAGTTTATATTCTTATCCTAC","T","G","T","G","---","---","D17S1473E // downstream // 2873 /// D17S1653E // upstream // 710","---","---","---","---","---","1","0","---","---","---","---","---"
Axiom_GW_HuOrigin.na35.annot.csv:"AX-11416464","Affx-34461690","---","2","MT","12567","12567","+","0","---","TGACACTGAGCCACAACCCAAACAACCCAGCTCTC[A/C]CTAAGCTTCAAACTAGACTACTTCTCCATAATATT","A","C","C","A","---","---","D1S2077E // downstream // 4877 /// D5S1608E // upstream // 2245","---","---","---","---","---","1","0","---","---","---","---","---"
Axiom_GW_HuOrigin.na35.annot.csv:"AX-11416465","Affx-34462342","---","2","MT","9823","9823","+","0","---","CTCAACATTTTTTGTAGCCACAGGCTTCCACGGAC[C/T]TCACGTCATTATTGGCTCAACTTTCCTCACTATCT","T","C","T","C","---","---","D1S2077E // downstream // 2133 /// D5S1608E // upstream // 4989","---","---","---","---","---","1","0","---","---","---","---","---"
Axiom_GW_HuOrigin.na35.annot.csv:"AX-11416484","Affx-34462031","---","2","MT","4071","4071","+","0","---","GGAACAACATATGACGCACTCTCCCCTGAACTCTA[C/T]ACAACATATTTTGTCACCAAGACCCTACTTCTAAC","T","C","C","T","---","---","D17S1473E // downstream // 331 /// D17S1653E // upstream // 3252","---","---","---","---","---","1","0","---","---","---","---","---"
Axiom_GW_HuOrigin.na35.annot.csv:"AX-11416506","Affx-34462159","rs28414181","2","MT","6466","6466","+","0","---","AACCCAATACCAAACGCCCCTCTTCGTCTGATCCG[C/T]CCTAATCACAGCAGTCCTACTTCTCCTATCTCTCC","T","C","T","C","---","---","D17S1473E // downstream // 2726 /// D17S1653E // upstream // 857","---","---","---","---","same","1","0","---","---","---","---","---"
Axiom_GW_HuOrigin.na35.annot.csv:"AX-11416573","Affx-34461993","---","2","MT","3335","3335","+","0","---","TAACAACATACCCATGGCCAACCTCCTACTCCTCA[G/T]TGTACCCATTCTAATCGCAATGGCATTCCTAATGC","T","G","T","G","---","---","D11S4926E // downstream // 622 /// D17S1473E // upstream // 405","---","---","---","---","---","1","0","---","---","---","---","---"
Axiom_GW_HuOrigin.na35.annot.csv:"AX-11416574","Affx-34461892","rs28416113","2","MT","1641","1641","+","0","---","GTGTAGCTTAACACAAAGCACCCAACTTACACTTA[A/G]GAGATTTCAACTTAACTTGACCGCTCTGAGCTAAA","A","G","G","A","---","---","D3S2893E // upstream // 422","---","---","---","---","same","1","0","---","---","---","---","---"
Axiom_GW_HuOrigin.na35.annot.csv:"AX-11416709","Affx-34461909","---","2","MT","1851","1851","+","0","---","GCATAATATAGCAAGGACTAACCCCTATACCTTCT[A/G]CATAATGAATTAACTAGAAATAACTTTGCAAGGAG","A","G","G","A","---","---","D3S2893E // upstream // 212","---","---","---","---","---","1","0","---","---","---","---","---"
Axiom_GW_HuOrigin.na35.annot.csv:"AX-11416921","Affx-34461987","---","2","MT","3218","3218","+","0","---","TCATCTCAACTTAGTATTATACCCACACCCACCCA[A/G]GAACAGGGTTTGTTAAGATGGCAGAGCCCGGTAAT","A","G","A","G","---","---","D11S4926E // downstream // 505 /// D17S1473E // upstream // 522","---","---","---","---","---","1","0","---","---","---","---","---"
Axiom_GW_HuOrigin.na35.annot.csv:"AX-11416931","Affx-34461581","---","2","MT","10352","10352","+","0","---","ATAGTTATGTCATCCCTCTTATTAATCATCATCCT[A/G]GCCCTAAGTCTGGCCTATGAGTGACTACAAAAAGG","A","G","A","G","---","---","D1S2077E // downstream // 2662 /// D5S1608E // upstream // 4460","---","---","---","---","---","1","0","---","---","---","---","---"
Axiom_GW_HuOrigin.na35.annot.csv:"AX-11417054","Affx-34462028","rs28441014","2","MT","3972","3972","+","0","---","TTCAACATCGAATACGCCGCAGGCCCCTTCGCCCT[A/G]TTCTTCATAGCCGAATACACAAACATTATTATAAT","A","G","A","G","---","---","D17S1473E // downstream // 232 /// D17S1653E // upstream // 3351","---","---","---","---","same","1","0","---","---","---","---","---"
Axiom_GW_HuOrigin.na35.annot.csv:"AX-11417161","Affx-34462194","rs28445709","2","MT","7084","7084","+","0","---","AATAGGAGCTGTATTTGCCATCATAGGAGGCTTCA[C/T]TCACTGATTTCCCCTATTCTCAGGCTACACCCTAG","T","C","T","C","---","---","D17S1473E // downstream // 3344 /// D17S1653E // upstream // 239","---","---","---","---","same","1","0","---","---","---","---","---"
Axiom_GW_HuOrigin.na35.annot.csv:"AX-11417286","Affx-34461710","---","2","MT","13028","13028","+","0","---","AGCAGCAGGCAAATCAGCCCAATTAGGTCTCCACC[C/T]CTGACTCCCCTCAGCCATAGAAGGCCCCACCCCAG","T","C","C","T","---","---","D1S2077E // downstream // 5338 /// D5S1608E // upstream // 1784","---","---","---","---","---","1","0","---","---","---","---","---"
Axiom_GW_HuOrigin.na35.annot.csv:"AX-11417306","Affx-34462332","---","2","MT","9626","9626","+","0","---","GTCCCACTCCTAAACACATCCGTATTACTCGCATC[A/G]GGAGTATCAATCACCTGAGCTCACCATAGTCTAAT","A","G","A","G","---","---","D1S2077E // downstream // 1936 /// D5S1608E // upstream // 5186","---","---","---","---","---","1","0","---","---","---","---","---"
Axiom_GW_HuOrigin.na35.annot.csv:"AX-11417406","Affx-34462109","rs28456039","2","MT","5319","5319","+","0","---","AAAACAATAGCCTCATCATCCCCACCATCATAGCC[A/G]CCATCACCCTCCTTAACCTCTACTTCTACCTACGC","A","G","A","G","---","---","D17S1473E // downstream // 1579 /// D17S1653E // upstream // 2004","---","---","---","---","same","1","0","---","---","---","---","---"
Axiom_GW_HuOrigin.na35.annot.csv:"AX-11417572","Affx-34462195","---","2","MT","7116","7116","+","0","---","TCATTCACTGATTTCCCCTATTCTCAGGCTACACC[C/T]TAGACCAAACCTACGCCAAAATCCATTTCACTATC","T","C","C","T","---","---","D17S1473E // downstream // 3376 /// D17S1653E // upstream // 207","---","---","---","---","---","1","0","---","---","---","---","---"
Axiom_GW_HuOrigin.na35.annot.csv:"AX-11417733","Affx-34462316","rs28474779","2","MT","9336","9336","+","0","---","CCATGTGATTTCACTTCCACTCCATAACGCTCCTC[A/G]TACTAGGCCTACTAACCAACACACTAACCATATAC","A","G","A","G","---","---","D1S2077E // downstream // 1646 /// D5S1608E // upstream // 5476","---","---","---","---","same","1","0","---","---","---","---","---"
Axiom_GW_HuOrigin.na35.annot.csv:"AX-11417836","Affx-34462268","rs28479867","2","MT","8648","8648","+","0","---","ATTGATCCCCACCTCCAAATATCTCATCAACAACC[A/G]ACTAATCACCACCCAACAATGACTAATCAAACTAA","A","G","G","A","---","---","D1S2077E // downstream // 958 /// D5S1608E // upstream // 6164","---","---","---","---","same","1","0","---","---","---","---","---"
Axiom_GW_HuOrigin.na35.annot.csv:"AX-11417999","Affx-34461950","---","2","MT","2514","2514","+","0","---","CAAATCTTACCCCGCCTGTTTACCAAAAACATCAC[A/C]TCTAGCATCACCAGTATTAGAGGCACCGCCTGCCC","A","C","C","A","---","---","D3S2893E // downstream // 451 /// D11S4926E // upstream // 199","---","---","---","---","---","1","0","---","---","---","---","---"
Axiom_GW_HuOrigin.na35.annot.csv:"AX-11418016","Affx-34461677","---","2","MT","12339","12339","+","0","---","CCAAAAATTTTGGTGCAACTCCAAATAAAAGTAAT[A/G]ACCATGCACACTACTATAACCACCCTAACCCTGAC","A","G","A","G","---","---","D1S2077E // downstream // 4649 /// D5S1608E // upstream // 2473","---","---","---","---","---","1","0","---","---","---","---","---"
Axiom_GW_HuOrigin.na35.annot.csv:"AX-11418072","Affx-34461760","rs28493131","2","MT","1389","1389","+","0","---","AGAAATGGGCTACATTTTCTACCCCAGAAAACTAC[G/T]ATAGCCCTTATGAAACTTAAGGGTCGAAGGTGGAT","T","G","G","T","---","---","D3S2893E // upstream // 674","---","---","---","---","same","1","0","---","---","---","---","---"
Axiom_GW_HuOrigin.na35.annot.csv:"AX-11418130","Affx-34461659","---","2","MT","1192","1192","+","0","---","TTAAAACTCAAAGGACCTGGCGGTGCTTCATATCC[A/C]TCTAGAGGAGCCTGTTCTGTAATCGATAAACCCCG","A","C","C","A","---","---","D3S2893E // upstream // 871","---","---","---","---","---","1","0","---","---","---","---","---"
Axiom_GW_HuOrigin.na35.annot.csv:"AX-11418258","Affx-34461925","---","2","MT","2082","2082","+","0","---","TTTAAATTTGCCCACAGAACCCTCTAAATCCCCTT[A/G]TAAATTTAACTGTTAGTCCAAAGAGGAACAGCTCT","A","G","G","A","---","---","D11S4926E // upstream // 631 /// D3S2893E // within // 0","---","---","---","---","---","1","0","---","---","---","---","---"
Axiom_GW_HuOrigin.na35.annot.csv:"AX-11418268","Affx-34462263","---","2","MT","8571","8571","+","0","---","AATCTGTTCGCTTCATTCATTGCCCCCACAATCCT[A/G]GGCCTACCCGCCGCAGTACTGATCATTCTATTTCC","A","G","A","G","---","---","D1S2077E // downstream // 881 /// D5S1608E // upstream // 6241","---","---","---","---","---","1","0","---","---","---","---","---"
Axiom_GW_HuOrigin.na35.annot.csv:"AX-11418292","Affx-34461810","---","2","MT","1495","1495","+","0","---","CAGGGCCCTGAAGCGCGTACACACCGCCCGTCACC[C/T]TCCTCAAGTATACTTCAAAGGACATTTAACTAAAA","T","C","C","T","---","---","D3S2893E // upstream // 568","---","---","---","---","---","1","0","---","---","---","---","---"
Axiom_GW_HuOrigin.na35.annot.csv:"AX-11418333","Affx-34461667","---","2","MT","12188","12188","+","0","---","CCAAAACATCAGATTGTGAATCTGACAACAGAGGC[C/T]TACGACCCCTTATTTACCGAGAAAGCTCACAAGAA","T","C","T","C","---","---","D1S2077E // downstream // 4498 /// D5S1608E // upstream // 2624","---","---","---","---","---","1","0","---","---","---","---","---"
Axiom_GW_HuOrigin.na35.annot.csv:"AX-11418409","Affx-34461928","rs28509195","2","MT","2176","2176","+","0","---","TAGAGAGAGTAAAAAATTTAACACCCATAGTAGGC[C/T]TAAAAGCAGCCACCAATTAAGAAAGCGTTCAAGCT","T","C","C","T","---","---","D11S4926E // upstream // 537 /// D3S2893E // within // 0","---","---","---","---","same","1","0","---","---","---","---","---"
Axiom_GW_HuOrigin.na35.annot.csv:"AX-11418451","Affx-34461998","rs28512326","2","MT","3436","3436","+","0","---","AACTACGCAAAGGCCCCAACGTTGTAGGCCCCTAC[A/G]GGCTACTACAACCCTTCGCTGACGCCATAAAACTC","A","G","G","A","---","---","D11S4926E // downstream // 723 /// D17S1473E // upstream // 304","---","---","---","---","same","1","0","---","---","---","---","---"
Axiom_GW_HuOrigin.na35.annot.csv:"AX-11418598","Affx-34462017","rs28520658","2","MT","3732","3732","+","0","---","GGCGCACTGCGAGCAGTAGCCCAAACAATCTCATA[G/T]GAAGTCACCCTAGCCATCATTCTACTATCAACATT","T","G","T","G","---","---","D11S4926E // downstream // 1019 /// D17S1473E // upstream // 8","---","---","---","---","same","1","0","---","---","---","---","---"
Axiom_GW_HuOrigin.na35.annot.csv:"AX-11418621","Affx-34462225","---","2","MT","757","757","+","0","---","CACCCTCTAAATCACCACGATCAAAAGGAACAAGC[A/C]TCAAGCACGCAGCAATGCAGCTCAAAACGCTTAGC","A","C","A","C","---","---","D3S2893E // upstream // 1306","---","---","---","---","---","1","0","---","---","---","---","---"
Axiom_GW_HuOrigin.na35.annot.csv:"AX-11418694","Affx-34461633","rs28524151","2","MT","11479","11479","+","0","---","ATAGTACTTGCCGCAGTACTCTTAAAACTAGGCGG[A/C]TATGGTATAATACGCCTCACACTCATTCTCAACCC","A","C","C","A","---","---","D1S2077E // downstream // 3789 /// D5S1608E // upstream // 3333","---","---","---","---","same","1","0","---","---","---","---","---"
Axiom_GW_HuOrigin.na35.annot.csv:"AX-11418755","Affx-34461897","---","2","MT","1703","1703","+","0","---","TGAGCTAAACCTAGCCCCAAACCCACTCCACCTTA[A/C]TACCAGACAACCTTAGCCAAACCATTTACCCAAAT","A","C","C","A","---","---","D3S2893E // upstream // 360","---","---","---","---","---","1","0","---","---","---","---","---"
Axiom_GW_HuOrigin.na35.annot.csv:"AX-11418858","Affx-34461597","---","2","MT","10589","10589","+","0","---","TCCCTACTATGCCTAGAAGGAATAATACTATCGCT[G/T]TTCATTATAGCTACTCTCATAACCCTCAACACCCA","T","G","G","T","---","---","D1S2077E // downstream // 2899 /// D5S1608E // upstream // 4223","---","---","---","---","---","1","0","---","---","---","---","---"
Axiom_GW_HuOrigin.na35.annot.csv:"AX-11418906","Affx-34461600","rs2853488","2","MT","10688","10688","+","0","---","GCCATACTAGTCTTTGCCGCCTGCGAAGCAGCGGT[A/G]GGCCTAGCCCTACTAGTCTCAATCTCCAACACATA","A","G","G","A","---","---","D1S2077E // downstream // 2998 /// D5S1608E // upstream // 4124","---","---","---","YES","same","1","0","---","---","---","---","---"
Axiom_GW_HuOrigin.na35.annot.csv:"AX-11418909","Affx-34461617","---","2","MT","11175","11175","+","0","---","CCCCACCTTGGCTATCATCACCCGATGAGGCAACC[A/G]GCCAGAACGCCTGAACGCAGGCACATACTTCCTAT","A","G","A","G","---","---","D1S2077E // downstream // 3485 /// D5S1608E // upstream // 3637","---","---","---","---","---","1","0","---","---","---","---","---"
Axiom_GW_HuOrigin.na35.annot.csv:"AX-11418912","Affx-34461637","rs2853494","2","MT","11641","11641","+","0","---","AAATCGCTCATTGCATACTCTTCAATCAGCCACAT[A/G]GCCCTCGTAGTAACAGCCATTCTCATCCAAACCCC","A","G","A","G","---","---","D1S2077E // downstream // 3951 /// D5S1608E // upstream // 3171","---","---","---","YES","same","1","0","---","---","---","---","---"
Axiom_GW_HuOrigin.na35.annot.csv:"AX-11418913","Affx-34461643","---","2","MT","11718","11718","+","0","---","CTTCACCGGCGCAGTCATTCTCATAATCGCCCACG[A/G]GCTTACATCCTCATTACTATTCTGCCTAGCAAACT","A","G","G","A","---","---","D1S2077E // downstream // 4028 /// D5S1608E // upstream // 3094","---","---","---","---","---","1","0","---","---","---","---","---"
Axiom_GW_HuOrigin.na35.annot.csv:"AX-11418915","Affx-34461661","---","2","MT","12006","12006","+","0","---","CCTATACTCCCTCTACATATTTACCACAACACAAT[A/G]GGGCTCACTCACCCACCACATTAACAACATAAAAC","A","G","G","A","---","---","D1S2077E // downstream // 4316 /// D5S1608E // upstream // 2806","---","---","---","---","---","1","0","---","---","---","---","---"
Axiom_GW_HuOrigin.na35.annot.csv:"AX-11418917","Affx-34461680","rs2853499","2","MT","12372","12372","+","0","---","ATAACCATGCACACTACTATAACCACCCTAACCCT[A/G]ACTTCCCTAATTCCCCCCATCCTTACCACCCTCGT","A","G","G","A","---","---","D1S2077E // downstream // 4682 /// D5S1608E // upstream // 2440","---","---","---","YES","same","1","0","---","---","---","---","---"
Axiom_GW_HuOrigin.na35.annot.csv:"AX-11418918","Affx-34461699","rs2853500","2","MT","12720","12720","+","0","---","TTCTTCAAATATCTACTCATCTTCCTAATTACCAT[A/G]CTAATCTTAGTTACCGCTAACAACCTATTCCAACT","A","G","A","G","---","---","D1S2077E // downstream // 5030 /// D5S1608E // upstream // 2092","---","---","---","YES","same","1","0","---","---","---","---","---"
Axiom_GW_HuOrigin.na35.annot.csv:"AX-11418920","Affx-34461719","rs2853502","2","MT","13276","13276","+","0","---","TAGCCTTCTCCACTTCAAGTCAACTAGGACTCATA[A/G]TAGTTACAATCGGCATCAACCAACCACACCTAGCA","A","G","A","G","---","---","D1S2077E // downstream // 5586 /// D5S1608E // upstream // 1536","---","---","---","YES","same","1","0","---","---","---","---","---"
Axiom_GW_HuOrigin.na35.annot.csv:"AX-11418921","Affx-34461741","---","2","MT","13616","13616","+","0","---","TACCTCCCTGACAAGCGCCTATAGCACTCGAATAA[C/T]TCTTCTCACCCTAACAGGTCAACCTCGCTTCCCCA","T","C","T","C","---","---","D1S2077E // downstream // 5926 /// D5S1608E // upstream // 1196","---","---","---","---","---","1","0","---","---","---","---","---"
Axiom_GW_HuOrigin.na35.annot.csv:"AX-11418922","Affx-34461804","rs2853505","2","MT","14861","14861","+","0","---","TCTCCGCATGATGAAACTTCGGCTCACTCCTTGGC[A/G]CCTGCCTGATCCTCCAAATCACCACAGGACTATTC","A","G","G","A","---","---","D1S2077E // downstream // 7171 /// D5F1781E // upstream // 330 /// D5S1608E // within // 0","---","---","---","---","same","1","0","---","---","---","---","---"
Axiom_GW_HuOrigin.na35.annot.csv:"AX-11418924","Affx-34461862","rs2853512","2","MT","16153","16153","+","0","---","GAATATTGTACGGTACCATAAATACTTGACCACCT[A/G]TAGTACATAAAAACCCAATCCACATCAAAACCCCC","A","G","G","A","---","---","D1S2076E // downstream // 455","---","---","---","---","same","1","0","---","---","---","---","---"
Axiom_GW_HuOrigin.na35.annot.csv:"AX-11418929","Affx-34462196","rs2853517","2","MT","709","709","+","0","---","TAGCTCTTAGTAAGATTACACATGCAAGCATCCCC[A/G]TTCCAGTGAGTTCACCCTCTAAATCACCACGATCA","A","G","G","A","---","---","D3S2893E // upstream // 1354","---","---","---","YES","same","1","0","---","---","---","---","---"
Axiom_GW_HuOrigin.na35.annot.csv:"AX-11418931","Affx-34462230","rs2853519","2","MT","769","769","+","0","---","CACCACGATCAAAAGGAACAAGCATCAAGCACGCA[A/G]CAATGCAGCTCAAAACGCTTAGCCTAGCCACACCC","A","G","G","A","---","---","D3S2893E // upstream // 1294","---","---","---","YES","same","1","0","---","---","---","---","---"
Axiom_GW_HuOrigin.na35.annot.csv:"AX-11418995","Affx-34462169","---","2","MT","6606","6606","+","0","---","CCGGAGGAGGAGACCCCATTCTATACCAACACCTA[C/T]TCTGATTTTTCGGTCACCCTGAAGTTTATATTCTT","T","C","T","C","---","---","D17S1473E // downstream // 2866 /// D17S1653E // upstream // 717","---","---","---","---","---","1","0","---","---","---","---","---"
Axiom_GW_HuOrigin.na35.annot.csv:"AX-11418998","Affx-34462318","rs2853824","2","MT","9347","9347","+","0","---","CACTTCCACTCCATAACGCTCCTCATACTAGGCCT[A/G]CTAACCAACACACTAACCATATACCAATGATGGCG","A","G","A","G","---","---","D1S2077E // downstream // 1657 /// D5S1608E // upstream // 5465","---","---","---","YES","same","1","0","---","---","---","---","---"
Axiom_GW_HuOrigin.na35.annot.csv:"AX-11419077","Affx-34461698","---","2","MT","12704","12704","+","0","---","CCCAAACATTAATCAGTTCTTCAAATATCTACTCA[C/T]CTTCCTAATTACCATACTAATCTTAGTTACCGCTA","T","C","T","C","---","---","D1S2077E // downstream // 5014 /// D5S1608E // upstream // 2108","---","---","---","---","---","1","0","---","---","---","---","---"
Axiom_GW_HuOrigin.na35.annot.csv:"AX-11419080","Affx-34461904","---","2","MT","1778","1778","+","0","---","TATAGGCGATAGAAATTGAAACCTGGCGCAATAGA[C/T]ATAGTACCGCAAGGGAAAGATGAAAAATTATAACC","T","C","T","C","---","---","D3S2893E // upstream // 285","---","---","---","---","---","1","0","---","---","---","---","---"
Axiom_GW_HuOrigin.na35.annot.csv:"AX-11419081","Affx-34461959","rs2854128","2","MT","2706","2706","+","0","---","CAGTGAAATTGACCTGCCCGTGAAGAGGCGGGCAT[A/G]ACACAGCAAGACGAGAAGACCCTATGGAGCTTTAA","A","G","A","G","---","---","D3S2893E // downstream // 643 /// D11S4926E // upstream // 7","---","---","---","YES","same","1","0","---","---","---","---","---"
Axiom_GW_HuOrigin.na35.annot.csv:"AX-11419082","Affx-34461969","rs2854129","2","MT","2857","2857","+","0","---","CTCGGAGCAGAACCCAACCTCCGAGCAGTACATGC[C/T]AAGACTTCACCAGTCAAAGCGAACTACTATACTCA","T","C","T","C","---","---","D3S2893E // downstream // 794 /// D17S1473E // upstream // 883 /// D11S4926E // within // 0","---","---","---","YES","same","1","0","---","---","---","---","---"
Axiom_GW_HuOrigin.na35.annot.csv:"AX-11419083","Affx-34461972","rs2854130","2","MT","2885","2885","+","0","---","TACATGCTAAGACTTCACCAGTCAAAGCGAACTAC[C/T]ATACTCAATTGATCCAATAACTTGACCAACGGAAC","T","C","T","C","---","---","D3S2893E // downstream // 822 /// D17S1473E // upstream // 855 /// D11S4926E // within // 0","---","---","---","YES","same","1","0","---","---","---","---","---"
Axiom_GW_HuOrigin.na35.annot.csv:"AX-11419086","Affx-34462008","---","2","MT","3593","3593","+","0","---","ACTATGAACCCCCCTCCCCATACCCAACCCCCTGG[C/T]CAACCTCAACCTAGGCCTCCTATTTATTCTAGCCA","T","C","T","C","---","---","D11S4926E // downstream // 880 /// D17S1473E // upstream // 147","---","---","---","---","---","1","0","---","---","---","---","---"
Axiom_GW_HuOrigin.na35.annot.csv:"AX-11419089","Affx-34462341","rs2854139","2","MT","9818","9818","+","0","---","TACGGCTCAACATTTTTTGTAGCCACAGGCTTCCA[C/T]GGACTTCACGTCATTATTGGCTCAACTTTCCTCAC","T","C","C","T","---","---","D1S2077E // downstream // 2128 /// D5S1608E // upstream // 4994","---","---","---","YES","same","1","0","---","---","---","---","---"
Axiom_GW_HuOrigin.na35.annot.csv:"AX-11419130","Affx-34461716","---","2","MT","13205","13205","+","0","---","ATGCTTAGGCGCTATCACCACTCTGTTCGCAGCAG[C/T]CTGCGCCCTTACACAAAATGACATCAAAAAAATCG","T","C","T","C","---","---","D1S2077E // downstream // 5515 /// D5S1608E // upstream // 1607","---","---","---","---","---","1","0","---","---","---","---","---"
Axiom_GW_HuOrigin.na35.annot.csv:"AX-11419373","Affx-34462200","---","2","MT","7158","7158","+","0","---","AAACCTACGCCAAAATCCATTTCACTATCATATTC[A/G]TCGGCGTAAATCTAACTTTCTTCCCACAACACTTT","A","G","A","G","---","---","D17S1473E // downstream // 3418 /// D17S1653E // upstream // 165","---","---","---","---","---","1","0","---","---","---","---","---"
Axiom_GW_HuOrigin.na35.annot.csv:"AX-11419393","Affx-34462015","---","2","MT","3696","3696","+","0","---","TCAGGGTGAGCATCAAACTCAAACTACGCCCTGAT[C/T]GGCGCACTGCGAGCAGTAGCCCAAACAATCTCATA","T","C","C","T","---","---","D11S4926E // downstream // 983 /// D17S1473E // upstream // 44","---","---","---","---","---","1","0","---","---","---","---","---"
Axiom_GW_HuOrigin.na35.annot.csv:"AX-11419434","Affx-34461941","---","2","MT","2413","2413","+","0","---","CCCAATATCTACAATCAACCAACAAGTCATTATTA[C/T]CCTCACTGTCAACCCAACACAGGCATGCTCATAAG","T","C","C","T","---","---","D3S2893E // downstream // 350 /// D11S4926E // upstream // 300","---","---","---","---","---","1","0","---","---","---","---","---"
Axiom_GW_HuOrigin.na35.annot.csv:"AX-11419468","Affx-34461852","---","2","MT","15953","15953","+","0","---","TTGTAAACCGGAGATGAAAACCTTTTTCCAAGGAC[A/G]AATCAGAGAAAAAGTCTTTAACTCCACCATTAGCA","A","G","A","G","---","---","D1S2076E // downstream // 255","---","---","---","---","---","1","0","---","---","---","---","---"
Axiom_GW_HuOrigin.na35.annot.csv:"AX-11419643","Affx-34461919","rs28569464","2","MT","2010","2010","+","0","---","TTTATAGGTAGAGGCGACAAACCTACCGAGCCTGG[C/T]GATAGCTGGTTGTCCAAGATAGAATCTTAGTTCAA","T","C","T","C","---","---","D3S2893E // upstream // 53","---","---","---","---","same","1","0","---","---","---","---","---"
Axiom_GW_HuOrigin.na35.annot.csv:"AX-11419809","Affx-34462334","---","2","MT","9646","9646","+","0","---","CGTATTACTCGCATCAGGAGTATCAATCACCTGAG[C/T]TCACCATAGTCTAATAGAAAACAACCGAAACCAAA","T","C","C","T","---","---","D1S2077E // downstream // 1956 /// D5S1608E // upstream // 5166","---","---","---","---","---","1","0","---","---","---","---","---"
Axiom_GW_HuOrigin.na35.annot.csv:"AX-11420106","Affx-34461635","---","2","MT","11546","11546","+","0","---","ACCCCCTGACAAAACACATAGCCTACCCCTTCCTT[G/T]TACTATCCCTATGAGGCATAATTATAACAAGCTCC","T","G","G","T","---","---","D1S2077E // downstream // 3856 /// D5S1608E // upstream // 3266","---","---","---","---","---","1","0","---","---","---","---","---"
Axiom_GW_HuOrigin.na35.annot.csv:"AX-11420206","Affx-34461702","---","2","MT","12767","12767","+","0","---","TACCGCTAACAACCTATTCCAACTGTTCATCGGCT[A/G]AGAGGGCGTAGGAATTATATCCTTCTTGCTCATCA","A","G","G","A","---","---","D1S2077E // downstream // 5077 /// D5S1608E // upstream // 2045","---","---","---","---","---","1","0","---","---","---","---","---"
Axiom_GW_HuOrigin.na35.annot.csv:"AX-11420211","Affx-34461621","---","2","MT","11230","11230","+","0","---","GGCACATACTTCCTATTCTACACCCTAGTAGGCTC[C/T]CTTCCCCTACTCATCGCACTAATTTACACTCACAA","T","C","C","T","---","---","D1S2077E // downstream // 3540 /// D5S1608E // upstream // 3582","---","---","---","---","---","1","0","---","---","---","---","---"
Axiom_GW_HuOrigin.na35.annot.csv:"AX-11420309","Affx-34461975","rs28597879","2","MT","3001","3001","+","0","---","TCAACAATAGGGTTTACGACCTCGATGTTGGATCA[A/G]GACATCCCGATGGTGCAGCCGCTATTAAAGGTTCG","A","G","G","A","---","---","D11S4926E // downstream // 288 /// D17S1473E // upstream // 739","---","---","---","---","same","1","0","---","---","---","---","---"
Axiom_GW_HuOrigin.na35.annot.csv:"AX-11420360","Affx-34461850","---","2","MT","15932","15932","+","0","---","GTATAAACTAATACACCAGTCTTGTAAACCGGAGA[C/T]GAAAACCTTTTTCCAAGGACAAATCAGAGAAAAAG","T","C","T","C","---","---","D1S2076E // downstream // 234","---","---","---","---","---","1","0","---","---","---","---","---"
Axiom_GW_HuOrigin.na35.annot.csv:"AX-11420395","Affx-34461958","rs28602676","2","MT","2690","2690","+","0","---","GTCTCTTACTTTTAACCAGTGAAATTGACCTGCCC[A/G]TGAAGAGGCGGGCATAACACAGCAAGACGAGAAGA","A","G","G","A","---","---","D3S2893E // downstream // 627 /// D11S4926E // upstream // 23","---","---","---","---","same","1","0","---","---","---","---","---"
Axiom_GW_HuOrigin.na35.annot.csv:"AX-11420429","Affx-34461718","---","2","MT","13268","13268","+","0","---","AAAAATCGTAGCCTTCTCCACTTCAAGTCAACTAG[A/G]ACTCATAATAGTTACAATCGGCATCAACCAACCAC","A","G","G","A","---","---","D1S2077E // downstream // 5578 /// D5S1608E // upstream // 1544","---","---","---","---","---","1","0","---","---","---","---","---"
Axiom_GW_HuOrigin.na35.annot.csv:"AX-11420445","Affx-34462193","---","2","MT","7073","7073","+","0","---","TATGTCCTATCAATAGGAGCTGTATTTGCCATCAT[A/G]GGAGGCTTCATTCACTGATTTCCCCTATTCTCAGG","A","G","A","G","---","---","D17S1473E // downstream // 3333 /// D17S1653E // upstream // 250","---","---","---","---","---","1","0","---","---","---","---","---"
Axiom_GW_HuOrigin.na35.annot.csv:"AX-11420484","Affx-34462039","---","2","MT","415","415","+","0","---","GCCTAACCAGATTTCAAATTTTATCTTTTGGCGGT[A/G]TGCACTTTTAACAGTCACCCCCCAACTAACACATT","A","G","A","G","---","---","D3S2893E // upstream // 1648","---","---","---","---","---","1","0","---","---","---","---","---"
Axiom_GW_HuOrigin.na35.annot.csv:"AX-11420549","Affx-34461628","---","2","MT","11364","11364","+","0","---","AGCCAACAACTTAATATGACTAGCTTACACAATAG[C/T]TTTTATAGTAAAGATACCTCTTTACGGACTCCACT","T","C","C","T","---","---","D1S2077E // downstream // 3674 /// D5S1608E // upstream // 3448","---","---","---","---","---","1","0","---","---","---","---","---"
Axiom_GW_HuOrigin.na35.annot.csv:"AX-11420599","Affx-34461752","---","2","MT","1376","1376","+","0","---","CCATGAGGTGGCAAGAAATGGGCTACATTTTCTAC[C/T]CCAGAAAACTACGATAGCCCTTATGAAACTTAAGG","T","C","C","T","---","---","D3S2893E // upstream // 687","---","---","---","---","---","1","0","---","---","---","---","---"
Axiom_GW_HuOrigin.na35.annot.csv:"AX-11420699","Affx-34461842","---","2","MT","15883","15883","+","0","---","ACTATCTCCCTAATTGAAAACAAAATACTCAAATG[A/G]GCCTGTCCTTGTAGTATAAACTAATACACCAGTCT","A","G","G","A","---","---","D1S2076E // downstream // 185","---","---","---","---","---","1","0","---","---","---","---","---"
Axiom_GW_HuOrigin.na35.annot.csv:"AX-11420702","Affx-34461619","---","2","MT","11185","11185","+","0","---","GCTATCATCACCCGATGAGGCAACCAGCCAGAACG[C/T]CTGAACGCAGGCACATACTTCCTATTCTACACCCT","T","C","C","T","---","---","D1S2077E // downstream // 3495 /// D5S1608E // upstream // 3627","---","---","---","---","---","1","0","---","---","---","---","---"
Axiom_GW_HuOrigin.na35.annot.csv:"AX-11420727","Affx-34461723","---","2","MT","13314","13314","+","0","---","GTTACAATCGGCATCAACCAACCACACCTAGCATT[C/T]CTGCACATCTGTACCCACGCCTTCTTCAAAGCCAT","T","C","C","T","---","---","D1S2077E // downstream // 5624 /// D5S1608E // upstream // 1498","---","---","---","---","---","1","0","---","---","---","---","---"
Axiom_GW_HuOrigin.na35.annot.csv:"AX-11420734","Affx-34461962","---","2","MT","2753","2753","+","0","---","CGAGAAGACCCTATGGAGCTTTAATTTATTAATGC[A/G]AACAGTACCTAACAAACCCACAGGTCCTAAACTAC","A","G","A","G","---","---","D3S2893E // downstream // 690 /// D17S1473E // upstream // 987 /// D11S4926E // within // 0","---","---","---","---","---","1","0","---","---","---","---","---"
Axiom_GW_HuOrigin.na35.annot.csv:"AX-11420852","Affx-34462274","---","2","MT","8718","8718","+","0","---","ACCTCAAAACAAATGATAACCATACACAACACTAA[A/G]GGACGAACCTGATCTCTTATACTAGTATCCTTAAT","A","G","A","G","---","---","D1S2077E // downstream // 1028 /// D5S1608E // upstream // 6094","---","---","---","---","---","1","0","---","---","---","---","---"
Axiom_GW_HuOrigin.na35.annot.csv:"AX-11420932","Affx-34461971","rs28627238","2","MT","2866","2866","+","0","---","GAACCCAACCTCCGAGCAGTACATGCTAAGACTTC[A/C]CCAGTCAAAGCGAACTACTATACTCAATTGATCCA","A","C","A","C","---","---","D3S2893E // downstream // 803 /// D17S1473E // upstream // 874 /// D11S4926E // within // 0","---","---","---","---","same","1","0","---","---","---","---","---"
Axiom_GW_HuOrigin.na35.annot.csv:"AX-11421025","Affx-34462112","---","2","MT","5398","5398","+","0","---","CTCCACCTCAATCACACTACTCCCCATATCTAACA[A/C]CGTAAAAATAAAATGACAGTTTGAACATACAAAAC","A","C","A","C","---","---","D17S1473E // downstream // 1658 /// D17S1653E // upstream // 1925","---","---","---","---","---","1","0","---","---","---","---","---"
Axiom_GW_HuOrigin.na35.annot.csv:"AX-11421064","Affx-34461878","---","2","MT","1623","1623","+","0","---","GCACTTGGACGAACCAGAGTGTAGCTTAACACAAA[A/G]CACCCAACTTACACTTAGGAGATTTCAACTTAACT","A","G","G","A","---","---","D3S2893E // upstream // 440","---","---","---","---","---","1","0","---","---","---","---","---"
Axiom_GW_HuOrigin.na35.annot.csv:"AX-11421263","Affx-34462104","---","2","MT","5249","5249","+","0","---","CTCTCCCTAGGAGGCCTGCCCCCGCTAACCGGCTT[C/T]TTGCCCAAATGGGCCATTATCGAAGAATTCACAAA","T","C","T","C","---","---","D17S1473E // downstream // 1509 /// D17S1653E // upstream // 2074","---","---","---","---","---","1","0","---","---","---","---","---"
Axiom_GW_HuOrigin.na35.annot.csv:"AX-11421287","Affx-34461920","rs28645117","2","MT","2016","2016","+","0","---","GGTAGAGGCGACAAACCTACCGAGCCTGGTGATAG[C/T]TGGTTGTCCAAGATAGAATCTTAGTTCAACTTTAA","T","C","C","T","---","---","D3S2893E // upstream // 47","---","---","---","---","same","1","0","---","---","---","---","---"
Axiom_GW_HuOrigin.na35.annot.csv:"AX-11421298","Affx-34461598","rs28645634","2","MT","10656","10656","+","0","---","CCCACTCCCTCTTAGCCAATATTGTGCCTATTGCC[A/G]TACTAGTCTTTGCCGCCTGCGAAGCAGCGGTGGGC","A","G","A","G","---","---","D1S2077E // downstream // 2966 /// D5S1608E // upstream // 4156","---","---","---","---","same","1","0","---","---","---","---","---"
Axiom_GW_HuOrigin.na35.annot.csv:"AX-11421300","Affx-34461977","rs28645831","2","MT","3022","3022","+","0","---","TCGATGTTGGATCAGGACATCCCGATGGTGCAGCC[A/G]CTATTAAAGGTTCGTTTGTTCAACGATTAAAGTCC","A","G","G","A","---","---","D11S4926E // downstream // 309 /// D17S1473E // upstream // 718","---","---","---","---","same","1","0","---","---","---","---","---"
Axiom_GW_HuOrigin.na35.annot.csv:"AX-11421324","Affx-34462024","rs28647453","2","MT","3927","3927","+","0","---","ACCCCCTTCGACCTTGCCGAAGGGGAGTCCGAACT[A/G]GTCTCAGGCTTCAACATCGAATACGCCGCAGGCCC","A","G","A","G","---","---","D17S1473E // downstream // 187 /// D17S1653E // upstream // 3396","---","---","---","---","same","1","0","---","---","---","---","---"
Axiom_GW_HuOrigin.na35.annot.csv:"AX-11421402","Affx-34462245","---","2","MT","8187","8187","+","0","---","GGGGGTATACTACGGTCAATGCTCTGAAATCTGTG[A/G]AGCAAACCACAGTTTCATGCCCATCGTCCTAGAAT","A","G","G","A","---","---","D1S2077E // downstream // 497 /// D5S1608E // upstream // 6625","---","---","---","---","---","1","0","---","---","---","---","---"
Axiom_GW_HuOrigin.na35.annot.csv:"AX-11421449","Affx-34461809","rs28653347","2","MT","1489","1489","+","0","---","GTTGAACAGGGCCCTGAAGCGCGTACACACCGCCC[A/G]TCACCCTCCTCAAGTATACTTCAAAGGACATTTAA","A","G","G","A","---","---","D3S2893E // upstream // 574","---","---","---","---","same","1","0","---","---","---","---","---"
Axiom_GW_HuOrigin.na35.annot.csv:"AX-11421510","Affx-34461578","---","2","MT","10259","10259","+","0","---","TTCTTAGTAGCTATTACCTTCTTATTATTTGATCT[A/G]GAAATTGCCCTCCTTTTACCCCTACCATGAGCCCT","A","G","A","G","---","---","D1S2077E // downstream // 2569 /// D5S1608E // upstream // 4553","---","---","---","---","---","1","0","---","---","---","---","---"
Axiom_GW_HuOrigin.na35.annot.csv:"AX-11421531","Affx-34461983","---","2","MT","3148","3148","+","0","---","ATTCCTCCCTGTACGAAAGGACAAGAGAAATAAGG[C/T]CTACTTCACAAAGCGCCTTCCCCCGTAAATGATAT","T","C","C","T","---","---","D11S4926E // downstream // 435 /// D17S1473E // upstream // 592","---","---","---","---","---","1","0","---","---","---","---","---"
Axiom_GW_HuOrigin.na35.annot.csv:"AX-11421557","Affx-34462176","---","2","MT","665","665","+","0","---","CACATCACCCCATAAACAAATAGGTTTGGTCCTAG[C/T]CTTTCTATTAGCTCTTAGTAAGATTACACATGCAA","T","C","C","T","---","---","D3S2893E // upstream // 1398","---","---","---","---","---","1","0","---","---","---","---","---"
Axiom_GW_HuOrigin.na35.annot.csv:"AX-11421561","Affx-34462011","---","2","MT","3606","3606","+","0","---","CTCCCCATACCCAACCCCCTGGTCAACCTCAACCT[A/G]GGCCTCCTATTTATTCTAGCCACCTCTAGCCTAGC","A","G","A","G","---","---","D11S4926E // downstream // 893 /// D17S1473E // upstream // 134","---","---","---","---","---","1","0","---","---","---","---","---"
Axiom_GW_HuOrigin.na35.annot.csv:"AX-11421584","Affx-34461805","rs28660155","2","MT","14871","14871","+","0","---","ATGAAACTTCGGCTCACTCCTTGGCGCCTGCCTGA[C/T]CCTCCAAATCACCACAGGACTATTCCTAGCCATGC","T","C","T","C","---","---","D1S2077E // downstream // 7181 /// D5F1781E // upstream // 320 /// D5S1608E // within // 0","---","---","---","---","same","1","0","---","---","---","---","---"
Axiom_GW_HuOrigin.na35.annot.csv:"AX-11421688","Affx-34461905","rs28664718","2","MT","1784","1784","+","0","---","CGATAGAAATTGAAACCTGGCGCAATAGATATAGT[A/C]CCGCAAGGGAAAGATGAAAAATTATAACCAAGCAT","A","C","A","C","---","---","D3S2893E // upstream // 279","---","---","---","---","same","1","0","---","---","---","---","---"
Axiom_GW_HuOrigin.na35.annot.csv:"AX-11421703","Affx-34461894","rs28665257","2","MT","1681","1681","+","0","---","TTTCAACTTAACTTGACCGCTCTGAGCTAAACCTA[A/G]CCCCAAACCCACTCCACCTTACTACCAGACAACCT","A","G","G","A","---","---","D3S2893E // upstream // 382","---","---","---","---","same","1","0","---","---","---","---","---"
Axiom_GW_HuOrigin.na35.annot.csv:"AX-11421835","Affx-34461711","---","2","MT","13062","13062","+","0","---","CCCTGACTCCCCTCAGCCATAGAAGGCCCCACCCC[A/G]GTCTCAGCCCTACTCCACTCAAGCACTATAGTTGT","A","G","A","G","---","---","D1S2077E // downstream // 5372 /// D5S1608E // upstream // 1750","---","---","---","---","---","1","0","---","---","---","---","---"
Axiom_GW_HuOrigin.na35.annot.csv:"AX-11421868","Affx-34462317","---","2","MT","9341","9341","+","0","---","TGATTTCACTTCCACTCCATAACGCTCCTCATACT[A/G]GGCCTACTAACCAACACACTAACCATATACCAATG","A","G","A","G","---","---","D1S2077E // downstream // 1651 /// D5S1608E // upstream // 5471","---","---","---","---","---","1","0","---","---","---","---","---"
Axiom_GW_HuOrigin.na35.annot.csv:"AX-11421895","Affx-34461915","rs28673443","2","MT","1988","1988","+","0","---","ATGTAGCAAAATAGTGGGAAGATTTATAGGTAGAG[G/T]CGACAAACCTACCGAGCCTGGTGATAGCTGGTTGT","T","G","G","T","---","---","D3S2893E // upstream // 75","---","---","---","---","same","1","0","---","---","---","---","---"
Axiom_GW_HuOrigin.na35.annot.csv:"AX-11421905","Affx-34461583","rs28673954","2","MT","10370","10370","+","0","---","TTATTAATCATCATCCTAGCCCTAAGTCTGGCCTA[C/T]GAGTGACTACAAAAAGGATTAGACTGAACCGAATT","T","C","T","C","---","---","D1S2077E // downstream // 2680 /// D5S1608E // upstream // 4442","---","---","---","---","same","1","0","---","---","---","---","---"
Axiom_GW_HuOrigin.na35.annot.csv:"AX-11422048","Affx-34462292","rs28681063","2","MT","9025","9025","+","0","---","CCCTGGCCGTACGCCTAACCGCTAACATTACTGCA[A/G]GCCACCTACTCATGCACCTAATTGGAAGCGCCACC","A","G","G","A","---","---","D1S2077E // downstream // 1335 /// D5S1608E // upstream // 5787","---","---","---","---","same","1","0","---","---","---","---","---"
Axiom_GW_HuOrigin.na35.annot.csv:"AX-11422089","Affx-34461952","rs28683810","2","MT","2571","2571","+","0","---","GGCACCGCCTGCCCAGTGACACATGTTTAACGGCC[A/G]CGGTACCCTAACCGTGCAAAGGTAGCATAATCACT","A","G","G","A","---","---","D3S2893E // downstream // 508 /// D11S4926E // upstream // 142","---","---","---","---","same","1","0","---","---","---","---","---"
Axiom_GW_HuOrigin.na35.annot.csv:"AX-11422141","Affx-34461940","rs28687201","2","MT","2381","2381","+","0","---","TCAGATTAAAACACTGAACTGACAATTAACAGCCC[A/G]ATATCTACAATCAACCAACAAGTCATTATTACCCT","A","G","A","G","---","---","D3S2893E // downstream // 318 /// D11S4926E // upstream // 332","---","---","---","---","same","1","0","---","---","---","---","---"
Axiom_GW_HuOrigin.na35.annot.csv:"AX-11422148","Affx-34461908","rs28687354","2","MT","1833","1833","+","0","---","ATGAAAAATTATAACCAAGCATAATATAGCAAGGA[A/C]TAACCCCTATACCTTCTGCATAATGAATTAACTAG","A","C","C","A","---","---","D3S2893E // upstream // 230","---","---","---","---","same","1","0","---","---","---","---","---"
Axiom_GW_HuOrigin.na35.annot.csv:"AX-11422215","Affx-34461739","---","2","MT","13598","13598","+","0","---","ATCTATTACTCTCATCGCTACCTCCCTGACAAGCG[C/T]CTATAGCACTCGAATAATTCTTCTCACCCTAACAG","T","C","C","T","---","---","D1S2077E // downstream // 5908 /// D5S1608E // upstream // 1214","---","---","---","---","---","1","0","---","---","---","---","---"
Axiom_GW_HuOrigin.na35.annot.csv:"AX-11422230","Affx-34462345","---","2","MT","9908","9908","+","0","---","CTAATATTTCACTTTACATCCAAACATCACTTTGG[C/T]TTCGAAGCCGCCGCCTGATACTGGCATTTTGTAGA","T","C","C","T","---","---","D1S2077E // downstream // 2218 /// D5S1608E // upstream // 4904","---","---","---","---","---","1","0","---","---","---","---","---"
Axiom_GW_HuOrigin.na35.annot.csv:"AX-11422320","Affx-34461989","---","2","MT","3281","3281","+","0","---","CCGGTAATCGCATAAAACTTAAAACTTTACAGTCA[A/G]AGGTTCAATTCCTCTTCTTAACAACATACCCATGG","A","G","G","A","---","---","D11S4926E // downstream // 568 /// D17S1473E // upstream // 459","---","---","---","---","---","1","0","---","---","---","---","---"
Axiom_GW_HuOrigin.na35.annot.csv:"AX-11422483","Affx-34461713","---","2","MT","13071","13071","+","0","---","CCCTCAGCCATAGAAGGCCCCACCCCAGTCTCAGC[C/T]CTACTCCACTCAAGCACTATAGTTGTAGCAGGAAT","T","C","C","T","---","---","D1S2077E // downstream // 5381 /// D5S1608E // upstream // 1741","---","---","---","---","---","1","0","---","---","---","---","---"
Axiom_GW_HuOrigin.na35.annot.csv:"AX-11422527","Affx-34461705","---","2","MT","12849","12849","+","0","---","GCCCGAGCAGATGCCAACACAGCAGCCATTCAAGC[A/G]ATCCTATACAACCGTATCGGCGATATCGGTTTCAT","A","G","A","G","---","---","D1S2077E // downstream // 5159 /// D5S1608E // upstream // 1963","---","---","---","---","---","1","0","---","---","---","---","---"
Axiom_GW_HuOrigin.na35.annot.csv:"AX-11422606","Affx-34461604","---","2","MT","10732","10732","+","0","---","CCTACTAGTCTCAATCTCCAACACATATGGCCTAG[A/C]CTACGTACATAACCTAAACCTACTCCAATGCTAAA","A","C","A","C","---","---","D1S2077E // downstream // 3042 /// D5S1608E // upstream // 4080","---","---","---","---","---","1","0","---","---","---","---","---"
Axiom_GW_HuOrigin.na35.annot.csv:"AX-11422647","Affx-34461669","---","2","MT","12196","12196","+","0","---","TCAGATTGTGAATCTGACAACAGAGGCTTACGACC[C/T]CTTATTTACCGAGAAAGCTCACAAGAACTGCTAAC","T","C","C","T","---","---","D1S2077E // downstream // 4506 /// D5S1608E // upstream // 2616","---","---","---","---","---","1","0","---","---","---","---","---"
Axiom_GW_HuOrigin.na35.annot.csv:"AX-11422706","Affx-34461651","---","2","MT","11842","11842","+","0","---","ACTCTACTCCCACTAATAGCTTTTTGATGACTTCT[A/G]GCAAGCCTCGCTAACCTCGCCTTACCCCCCACTAT","A","G","A","G","---","---","D1S2077E // downstream // 4152 /// D5S1608E // upstream // 2970","---","---","---","---","---","1","0","---","---","---","---","---"
Axiom_GW_HuOrigin.na35.annot.csv:"AX-11422732","Affx-34462348","---","2","MT","9941","9941","+","0","---","GGCTTCGAAGCCGCCGCCTGATACTGGCATTTTGT[A/G]GATGTGGTTTGACTATTTCTGTATGTCTCCATCTA","A","G","A","G","---","---","D1S2077E // downstream // 2251 /// D5S1608E // upstream // 4871","---","---","---","---","---","1","0","---","---","---","---","---"
Axiom_GW_HuOrigin.na35.annot.csv:"AX-11422779","Affx-34461652","---","2","MT","11898","11898","+","0","---","CTTACCCCCCACTATTAACCTACTGGGAGAACTCT[C/T]TGTGCTAGTAACCACGTTCTCCTGATCAAATATCA","T","C","C","T","---","---","D1S2077E // downstream // 4208 /// D5S1608E // upstream // 2914","---","---","---","---","---","1","0","---","---","---","---","---"
Axiom_GW_HuOrigin.na35.annot.csv:"AX-11422820","Affx-34461587","---","2","MT","10401","10401","+","0","---","CCTATGAGTGACTACAAAAAGGATTAGACTGAACC[A/G]AATTGGTATATAGTTTAAACAAAACGAATGATTTC","A","G","G","A","---","---","D1S2077E // downstream // 2711 /// D5S1608E // upstream // 4411","---","---","---","---","---","1","0","---","---","---","---","---"
Axiom_GW_HuOrigin.na35.annot.csv:"AX-11422856","Affx-34462161","rs28721398","2","MT","6481","6481","+","0","---","GCCCCTCTTCGTCTGATCCGTCCTAATCACAGCAG[C/T]CCTACTTCTCCTATCTCTCCCAGTCCTAGCTGCTG","T","C","T","C","---","---","D17S1473E // downstream // 2741 /// D17S1653E // upstream // 842","---","---","---","YES","same","1","0","---","---","---","---","---"
Axiom_GW_HuOrigin.na35.annot.csv:"AX-11422870","Affx-34461655","rs28722520","2","MT","11929","11929","+","0","---","CTCTCTGTGCTAGTAACCACGTTCTCCTGATCAAA[G/T]ATCACTCTCCTACTTACAGGACTCAACATACTAGT","T","G","T","G","---","---","D1S2077E // downstream // 4239 /// D5S1608E // upstream // 2883","---","---","---","---","same","1","0","---","---","---","---","---"
Axiom_GW_HuOrigin.na35.annot.csv:"AX-11423152","Affx-34461934","---","2","MT","2275","2275","+","0","---","CATATAACTGAACTCCTCACACCCAATTGGACCAA[C/T]CTATCACCCTATAGAAGAACTAATGTTAGTATAAG","T","C","T","C","---","---","D3S2893E // downstream // 212 /// D11S4926E // upstream // 438","---","---","---","---","---","1","0","---","---","---","---","---"
Axiom_GW_HuOrigin.na35.annot.csv:"AX-11423424","Affx-34462329","---","2","MT","9555","9555","+","0","---","GCCTAGCCCCTACCCCCCAATTAGGAGGGCACTGG[C/T]CCCCAACAGGCATCACCCCGCTAAATCCCCTAGAA","T","C","C","T","---","---","D1S2077E // downstream // 1865 /// D5S1608E // upstream // 5257","---","---","---","---","---","1","0","---","---","---","---","---"
Axiom_GW_HuOrigin.na35.annot.csv:"AX-11423429","Affx-34461575","rs28754574","2","MT","10135","10135","+","0","---","CTTACTACTAATAATTATTACATTTTGACTACCAC[A/G]ACTCAACGGCTACATAGAAAAATCCACCCCTTACG","A","G","A","G","---","---","D1S2077E // downstream // 2445 /// D5S1608E // upstream // 4677","---","---","---","---","same","1","0","---","---","---","---","---"
Axiom_GW_HuOrigin.na35.annot.csv:"AX-11423487","Affx-34461620","rs28756874","2","MT","11206","11206","+","0","---","AACCAGCCAGAACGCCTGAACGCAGGCACATACTT[A/C]CTATTCTACACCCTAGTAGGCTCCCTTCCCCTACT","A","C","C","A","---","---","D1S2077E // downstream // 3516 /// D5S1608E // upstream // 3606","---","---","---","---","same","1","0","---","---","---","---","---"
Axiom_GW_HuOrigin.na35.annot.csv:"AX-11423567","Affx-34461951","rs28760274","2","MT","2544","2544","+","0","---","ATCACCTCTAGCATCACCAGTATTAGAGGCACCGC[C/T]TGCCCAGTGACACATGTTTAACGGCCGCGGTACCC","T","C","C","T","---","---","D3S2893E // downstream // 481 /// D11S4926E // upstream // 169","---","---","---","---","same","1","0","---","---","---","---","---"
Axiom_GW_HuOrigin.na35.annot.csv:"AX-11431995","Affx-34462089","---","2","MT","4984","4984","+","0","---","ATCCATCATAGCAGGCAGTTGAGGTGGATTAAACC[A/G]AACCCAGCTACGCAAAATCTTAGCATACTCCTCAA","A","G","A","G","---","---","D17S1473E // downstream // 1244 /// D17S1653E // upstream // 2339","---","---","---","---","---","1","0","---","---","---","---","---"
Axiom_GW_HuOrigin.na35.annot.csv:"AX-11431996","Affx-34462293","rs3020605","2","MT","9042","9042","+","0","---","ACCGCTAACATTACTGCAGGCCACCTACTCATGCA[C/T]CTAATTGGAAGCGCCACCCTAGCAATATCAACCAT","T","C","C","T","---","---","D1S2077E // downstream // 1352 /// D5S1608E // upstream // 5770","---","---","---","YES","same","1","0","---","---","---","---","---"
Axiom_GW_HuOrigin.na35.annot.csv:"AX-11433104","Affx-52321559","---","2","MT","15926","15926","+","0","---","CTTGTAGTATAAACTAATACACCAGTCTTGTAAAC[A/G]GGAGATGAAAACCTTTTTCCAAGGACAAATCAGAG","A","G",".","A/G","---","---","D1S2076E // downstream // 228","---","---","---","---","---","1","0","---","---","---","---","---"
Axiom_GW_HuOrigin.na35.annot.csv:"AX-11433105","Affx-34462276","---","2","MT","8783","8783","+","0","---","CTTAATCATTTTTATTGCCACAACTAACCTCCTCG[A/G]ACTCCTGCCTCACTCATTTACACCAACCACCCAAC","A","G","G","A","---","---","D1S2077E // downstream // 1093 /// D5S1608E // upstream // 6029","---","---","---","---","---","1","0","---","---","---","---","---"
Axiom_GW_HuOrigin.na35.annot.csv:"AX-11435894","Affx-34461668","rs3134560","2","MT","12192","12192","+","0","---","AACATCAGATTGTGAATCTGACAACAGAGGCTTAC[A/G]ACCCCTTATTTACCGAGAAAGCTCACAAGAACTGC","A","G","G","A","---","---","D1S2077E // downstream // 4502 /// D5S1608E // upstream // 2620","---","---","---","---","same","1","0","---","---","---","---","---"
Axiom_GW_HuOrigin.na35.annot.csv:"AX-11435895","Affx-34461678","rs3134561","2","MT","12361","12361","+","0","---","AAATAAAAGTAATAACCATGCACACTACTATAACC[A/G]CCCTAACCCTGACTTCCCTAATTCCCCCCATCCTT","A","G","A","G","---","---","D1S2077E // downstream // 4671 /// D5S1608E // upstream // 2451","---","---","---","YES","same","1","0","---","---","---","---","---"
Axiom_GW_HuOrigin.na35.annot.csv:"AX-11435909","Affx-34461820","rs3134742","2","MT","15223","15223","+","0","---","AACTTACTATCCGCCATCCCATACATTGGGACAGA[C/T]CTAGTTCAATGAATCTGAGGAGGCTACTCAGTAGA","T","C","C","T","---","---","D5S1608E // downstream // 411 /// D1S2076E // upstream // 475 /// D5F1781E // within // 0","---","---","---","YES","same","1","0","---","---","---","---","---"
Axiom_GW_HuOrigin.na35.annot.csv:"AX-11435924","Affx-34461615","---","2","MT","11145","11145","+","0","---","ATTTTATATCTTCTTCGAAACCACACTTATCCCCA[C/T]CTTGGCTATCATCACCCGATGAGGCAACCAGCCAG","T","C","C","T","---","---","D1S2077E // downstream // 3455 /// D5S1608E // upstream // 3667","---","---","---","---","---","1","0","---","---","---","---","---"
Axiom_GW_HuOrigin.na35.annot.csv:"AX-11435925","Affx-34462350","---","2","MT","9949","9949","+","0","---","AGCCGCCGCCTGATACTGGCATTTTGTAGATGTGG[C/T]TTGACTATTTCTGTATGTCTCCATCTATTGATGAG","T","C","T","C","---","---","D1S2077E // downstream // 2259 /// D5S1608E // upstream // 4863","---","---","---","---","---","1","0","---","---","---","---","---"
Axiom_GW_HuOrigin.na35.annot.csv:"AX-11457791","Affx-34461824","rs35070048","2","MT","15311","15311","+","0","---","GATTCTTTACCTTTCACTTCATCTTGCCCTTCATT[A/G]TTGCAGCCCTAGCAACACTCCACCTCCTATTCTTG","A","G","A","G","---","---","D5F1781E // downstream // 120 /// D1S2076E // upstream // 387","---","---","---","---","same","1","0","---","---","---","---","---"
Axiom_GW_HuOrigin.na35.annot.csv:"AX-11464212","Affx-34461886","---","2","MT","16323","16323","+","0","---","TACCCACCCTTAACAGTACATAGTACATAAAGCCA[C/T]TTACCGTACATAGCACATTACAGTCAAATCCCTTC","T","C","T","C","---","---","D1S2076E // downstream // 625","---","---","---","---","---","1","0","---","---","---","---","---"
Axiom_GW_HuOrigin.na35.annot.csv:"AX-11474896","Affx-34462120","rs369496446","2","MT","5603","5603","+","0","---","ACTTAATTTCTGTAACAGCTAAGGACTGCAAAACC[C/T]CACTCTGCATCAACTGAACGCAAATCAGCCACTTT","T","C","C","T","---","---","D17S1473E // downstream // 1863 /// D17S1653E // upstream // 1720","---","---","---","---","same","1","0","---","---","---","---","---"
Axiom_GW_HuOrigin.na35.annot.csv:"AX-11486672","Affx-34461725","rs3899498","2","MT","13368","13368","+","0","---","GCCTTCTTCAAAGCCATACTATTTATGTGCTCCGG[A/G]TCCATCATCCACAACCTTAACAATGAACAAGATAT","A","G","G","A","---","---","D1S2077E // downstream // 5678 /// D5S1608E // upstream // 1444","---","---","---","YES","same","1","0","---","---","---","---","---"
Axiom_GW_HuOrigin.na35.annot.csv:"AX-11486784","Affx-34462158","---","2","MT","6460","6460","+","0","---","TGCCATAACCCAATACCAAACGCCCCTCTTCGTCT[A/G]ATCCGTCCTAATCACAGCAGTCCTACTTCTCCTAT","A","G","G","A","---","---","D17S1473E // downstream // 2720 /// D17S1653E // upstream // 863","---","---","---","---","---","1","0","---","---","---","---","---"
Axiom_GW_HuOrigin.na35.annot.csv:"AX-11486785","Affx-34462343","---","2","MT","9832","9832","+","0","---","TTTTGTAGCCACAGGCTTCCACGGACTTCACGTCA[C/T]TATTGGCTCAACTTTCCTCACTATCTGCTTCATCC","T","C","T","C","---","---","D1S2077E // downstream // 2142 /// D5S1608E // upstream // 4980","---","---","---","---","---","1","0","---","---","---","---","---"
Axiom_GW_HuOrigin.na35.annot.csv:"AX-11486786","Affx-34461603","---","2","MT","10711","10711","+","0","---","CGAAGCAGCGGTGGGCCTAGCCCTACTAGTCTCAA[C/T]CTCCAACACATATGGCCTAGACTACGTACATAACC","T","C","T","C","---","---","D1S2077E // downstream // 3021 /// D5S1608E // upstream // 4101","---","---","---","---","---","1","0","---","---","---","---","---"
Axiom_GW_HuOrigin.na35.annot.csv:"AX-11487442","Affx-34461623","rs3915952","2","MT","11251","11251","+","0","---","ACCCTAGTAGGCTCCCTTCCCCTACTCATCGCACT[A/G]ATTTACACTCACAACACCCTAGGCTCACTAAACAT","A","G","A","G","---","---","D1S2077E // downstream // 3561 /// D5S1608E // upstream // 3561","---","---","---","YES","same","1","0","---","---","---","---","---"
Axiom_GW_HuOrigin.na35.annot.csv:"AX-11487973","Affx-34461694","---","2","MT","12632","12632","+","0","---","AATATTCATCCCTGTAGCATTGTTCGTTACATGGT[A/C]CATCATAGAATTCTCACTGTGATATATAAACTCAG","A","C","C","A","---","---","D1S2077E // downstream // 4942 /// D5S1608E // upstream // 2180","---","---","---","---","---","1","0","---","---","---","---","---"
Axiom_GW_HuOrigin.na35.annot.csv:"AX-11488015","Affx-34461976","rs3928306","2","MT","3010","3010","+","0","---","GGGTTTACGACCTCGATGTTGGATCAGGACATCCC[A/G]ATGGTGCAGCCGCTATTAAAGGTTCGTTTGTTCAA","A","G","G","A","---","---","D11S4926E // downstream // 297 /// D17S1473E // upstream // 730","---","---","---","YES","same","1","0","---","---","---","---","---"
Axiom_GW_HuOrigin.na35.annot.csv:"AX-11488016","Affx-34461968","rs199713564","2","MT","2831","2831","+","0","---","GCATTAAAAATTTCGGTTGGGGCGACCTCGGAGCA[A/G]AACCCAACCTCCGAGCAGTACATGCTAAGACTTCA","A","G","G","A","---","---","D3S2893E // downstream // 768 /// D17S1473E // upstream // 909 /// D11S4926E // within // 0","---","---","---","---","same","1","0","---","---","---","---","---"
Axiom_GW_HuOrigin.na35.annot.csv:"AX-11488056","Affx-34462201","rs3929989","2","MT","7159","7159","+","0","---","AACCTACGCCAAAATCCATTTCACTATCATATTCA[C/T]CGGCGTAAATCTAACTTTCTTCCCACAACACTTTC","T","C","T","C","---","---","D17S1473E // downstream // 3419 /// D17S1653E // upstream // 164","---","---","---","---","same","1","0","---","---","---","---","---"
Axiom_GW_HuOrigin.na35.annot.csv:"AX-11488366","Affx-34462171","rs56489998","2","MT","663","663","+","0","---","CTCACATCACCCCATAAACAAATAGGTTTGGTCCT[A/G]GCCTTTCTATTAGCTCTTAGTAAGATTACACATGC","A","G","A","G","---","---","D3S2893E // upstream // 1400","---","---","---","---","reverse","1","0","---","---","---","---","---"
Axiom_GW_HuOrigin.na35.annot.csv:"AX-11494899","Affx-34461837","---","2","MT","15758","15758","+","0","---","GACTCCTAGCCGCAGACCTCCTCATTCTAACCTGA[A/G]TCGGAGGACAACCAGTAAGCTACCCTTTTACCATC","A","G","A","G","---","---","D5F1781E // downstream // 567 /// D1S2076E // within // 0","---","---","---","---","---","1","0","---","---","---","---","---"
Axiom_GW_HuOrigin.na35.annot.csv:"AX-11494968","Affx-34461569","rs41347846","2","MT","10034","10034","+","0","---","AGTATAAATAGTACCGTTAACTTCCAATTAACTAG[C/T]TTTGACAACATTCAAAAAAGAGTAATAAACTTCGC","T","C","T","C","---","---","D1S2077E // downstream // 2344 /// D5S1608E // upstream // 4778","---","---","---","---","same","1","0","---","---","---","---","---"
Axiom_GW_HuOrigin.na35.annot.csv:"AX-11494973","Affx-34461927","rs41349444","2","MT","2158","2158","+","0","---","CACTAGGAAAAAACCTTGTAGAGAGAGTAAAAAAT[C/T]TAACACCCATAGTAGGCCTAAAAGCAGCCACCAAT","T","C","T","C","---","---","D11S4926E // upstream // 555 /// D3S2893E // within // 0","---","---","---","---","same","1","0","---","---","---","---","---"
Axiom_GW_HuOrigin.na35.annot.csv:"AX-11495036","Affx-34462016","---","2","MT","3719","3719","+","0","---","CTACGCCCTGATCGGCGCACTGCGAGCAGTAGCCC[A/G]AACAATCTCATATGAAGTCACCCTAGCCATCATTC","A","G","A","G","---","---","D11S4926E // downstream // 1006 /// D17S1473E // upstream // 21","---","---","---","---","---","1","0","---","---","---","---","---"
Axiom_GW_HuOrigin.na35.annot.csv:"AX-11495069","Affx-34462153","---","2","MT","6370","6370","+","0","---","CCTAACCATCTTCTCCTTACACCTAGCAGGTGTCT[C/T]CTCTATCTTAGGGGCCATCAATTTCATCACAACAA","T","C","C","T","---","---","D17S1473E // downstream // 2630 /// D17S1653E // upstream // 953","---","---","---","---","---","1","0","---","---","---","---","---"
Axiom_GW_HuOrigin.na35.annot.csv:"AX-11495081","Affx-34461695","rs41369547","2","MT","12669","12669","+","0","---","ATCATAGAATTCTCACTGTGATATATAAACTCAGA[C/T]CCAAACATTAATCAGTTCTTCAAATATCTACTCAT","T","C","C","T","---","---","D1S2077E // downstream // 4979 /// D5S1608E // upstream // 2143","---","---","---","---","same","1","0","---","---","---","---","---"
Axiom_GW_HuOrigin.na35.annot.csv:"AX-11495191","Affx-34461949","---","2","MT","250","250","+","0","---","ATTAATGCTTGTAGGACATAATAATAACAATTGAA[C/T]GTCTGCACAGCCACTTTCCACACAGACATCATAAC","T","C","T","C","---","---","D3S2893E // upstream // 1813","---","---","---","---","---","1","0","---","---","---","---","---"
Axiom_GW_HuOrigin.na35.annot.csv:"AX-11495439","Affx-34461746","---","2","MT","13733","13733","+","0","---","TAAACGCCTGGCAGCCGGAAGCCTATTCGCAGGAT[C/T]TCTCATTACTAACAACATTTCCCCCGCATCCCCCT","T","C","T","C","---","---","D1S2077E // downstream // 6043 /// D5S1608E // upstream // 1079","---","---","---","---","---","1","0","---","---","---","---","---"
Axiom_GW_HuOrigin.na35.annot.csv:"AX-11495478","Affx-34461994","rs41423746","2","MT","3348","3348","+","0","---","ATGGCCAACCTCCTACTCCTCATTGTACCCATTCT[A/G]ATCGCAATGGCATTCCTAATGCTTACCGAACGAAA","A","G","A","G","---","---","D11S4926E // downstream // 635 /// D17S1473E // upstream // 392","---","---","---","---","same","1","0","---","---","---","---","---"
Axiom_GW_HuOrigin.na35.annot.csv:"AX-11495526","Affx-34462265","---","2","MT","8615","8615","+","0","---","CGCCGCAGTACTGATCATTCTATTTCCCCCTCTAT[G/T]GATCCCCACCTCCAAATATCTCATCAACAACCGAC","T","G","T","G","---","---","D1S2077E // downstream // 925 /// D5S1608E // upstream // 6197","---","---","---","---","---","1","0","---","---","---","---","---"
Axiom_GW_HuOrigin.na35.annot.csv:"AX-11495959","Affx-34462087","---","2","MT","4927","4927","+","0","---","CATATACCAAATCTCTCCCTCACTAAACGTAAGCC[C/T]TCTCCTCACTCTCTCAATCTTATCCATCATAGCAG","T","C","T","C","---","---","D17S1473E // downstream // 1187 /// D17S1653E // upstream // 2396","---","---","---","---","---","1","0","---","---","---","---","---"
Axiom_GW_HuOrigin.na35.annot.csv:"AX-11496485","Affx-34462338","rs41502750","2","MT","9716","9716","+","0","---","ATAATTCAAGCACTGCTTATTACAATTTTACTGGG[C/T]CTCTATTTTACCCTCCTACAAGCCTCAGAGTACTT","T","C","T","C","---","---","D1S2077E // downstream // 2026 /// D5S1608E // upstream // 5096","---","---","---","---","same","1","0","---","---","---","---","---"
Axiom_GW_HuOrigin.na35.annot.csv:"AX-11496515","Affx-34461840","---","2","MT","15832","15832","+","0","---","GGACAAGTAGCATCCGTACTATACTTCACAACAAT[C/T]CTAATCCTAATACCAACTATCTCCCTAATTGAAAA","T","C","C","T","---","---","D1S2076E // downstream // 134","---","---","---","---","---","1","0","---","---","---","---","---"
Axiom_GW_HuOrigin.na35.annot.csv:"AX-11496548","Affx-34461762","---","2","MT","13964","13964","+","0","---","CATCACACACCGCACAATCCCCTATCTAGGCCTTC[C/T]TACGAGCCAAAACCTGCCCCTACTCCTCCTAGACC","T","C","T","C","---","---","D1S2077E // downstream // 6274 /// D5S1608E // upstream // 848","---","---","---","---","---","1","0","---","---","---","---","---"
Axiom_GW_HuOrigin.na35.annot.csv:"AX-11496637","Affx-34462298","---","2","MT","9089","9089","+","0","---","CGCCACCCTAGCAATATCAACCATTAACCTTCCCT[C/T]TACACTTATCATCTTCACAATTCTAATTCTACTGA","T","C","C","T","---","---","D1S2077E // downstream // 1399 /// D5S1608E // upstream // 5723","---","---","---","---","---","1","0","---","---","---","---","---"
Axiom_GW_HuOrigin.na35.annot.csv:"AX-11496648","Affx-34462022","---","2","MT","3914","3914","+","0","---","AGAGACCAACCGAACCCCCTTCGACCTTGCCGAAG[A/G]GGAGTCCGAACTAGTCTCAGGCTTCAACATCGAAT","A","G","G","A","---","---","D17S1473E // downstream // 174 /// D17S1653E // upstream // 3409","---","---","---","---","---","1","0","---","---","---","---","---"
Axiom_GW_HuOrigin.na35.annot.csv:"AX-11496703","Affx-34461763","rs41535848","2","MT","13966","13966","+","0","---","TCACACACCGCACAATCCCCTATCTAGGCCTTCTT[A/G]CGAGCCAAAACCTGCCCCTACTCCTCCTAGACCTA","A","G","A","G","---","---","D1S2077E // downstream // 6276 /// D5S1608E // upstream // 846","---","---","---","---","same","1","0","---","---","---","---","---"
Axiom_GW_HuOrigin.na35.annot.csv:"AX-59416189","Affx-52321430","---","2","MT","10043","10043","+","0","---","AGTACCGTTAACTTCCAATTAACTAGTTTTGACAA[A/G]ATTCAAAAAAGAGTAATAAACTTCGCCTTAATTTT","A","G",".","A/G","---","---","D1S2077E // downstream // 2353 /// D5S1608E // upstream // 4769","---","---","---","---","---","1","0","---","---","---","---","---"
Axiom_GW_HuOrigin.na35.annot.csv:"AX-59416202","Affx-52321441","---","2","MT","1046","1046","+","0","---","CAAAATAGACTACGAAAGTGGCTTTAACATATCTG[C/T]ACACACAATAGCTAAGACCCAAACTGGGATTAGAT","T","C",".","C/T","---","---","D3S2893E // upstream // 1017","---","---","---","---","---","1","0","---","---","---","---","---"
Axiom_GW_HuOrigin.na35.annot.csv:"AX-59416205","Affx-34461593","rs28358280","2","MT","10550","10550","+","0","---","CTTCTAGGAATACTAGTATATCGCTCACACCTCAT[A/G]TCCTCCCTACTATGCCTAGAAGGAATAATACTATC","A","G","A","G","---","---","D1S2077E // downstream // 2860 /// D5S1608E // upstream // 4262","---","---","---","YES","same","1","0","---","---","---","---","---"
Axiom_GW_HuOrigin.na35.annot.csv:"AX-59416206","Affx-79381692","rs2853487","2","MT","10589","10589","+","0","---","TCCCTACTATGCCTAGAAGGAATAATACTATCGCT[A/G]TTCATTATAGCTACTCTCATAACCCTCAACACCCA","A","G","G","A","---","---","D1S2077E // downstream // 2899 /// D5S1608E // upstream // 4223","---","---","---","YES","same","1","0","---","---","---","---","---"
Axiom_GW_HuOrigin.na35.annot.csv:"AX-59416213","Affx-34461609","---","2","MT","10872","10872","+","0","---","CACAACCACCCACAGCCTAATTATTAGCATCATCC[C/T]TCTACTATTTTTTAACCAAATCAACAACAACCTAT","T","C","C","T","---","---","D1S2077E // downstream // 3182 /// D5S1608E // upstream // 3940","---","---","---","---","---","1","0","---","---","---","---","---"
Axiom_GW_HuOrigin.na35.annot.csv:"AX-59416221","Affx-34461640","---","2","MT","11673","11673","+","0","---","CATAGCCCTCGTAGTAACAGCCATTCTCATCCAAA[C/T]CCCCTGAAGCTTCACCGGCGCAGTCATTCTCATAA","T","C","C","T","---","---","D1S2077E // downstream // 3983 /// D5S1608E // upstream // 3139","---","---","---","---","---","1","0","---","---","---","---","---"
Axiom_GW_HuOrigin.na35.annot.csv:"AX-59416223","Affx-34461648","rs3088053","2","MT","11812","11812","+","0","---","CGCATCATAATCCTCTCTCAAGGACTTCAAACTCT[A/G]CTCCCACTAATAGCTTTTTGATGACTTCTAGCAAG","A","G","A","G","---","---","D1S2077E // downstream // 4122 /// D5S1608E // upstream // 3000","---","---","---","YES","reverse","1","0","---","---","---","---","---"
Axiom_GW_HuOrigin.na35.annot.csv:"AX-59416224","Affx-34461653","rs2853496","2","MT","11914","11914","+","0","---","AACCTACTGGGAGAACTCTCTGTGCTAGTAACCAC[A/G]TTCTCCTGATCAAATATCACTCTCCTACTTACAGG","A","G","G","A","---","---","D1S2077E // downstream // 4224 /// D5S1608E // upstream // 2898","---","---","---","YES","same","1","0","---","---","---","---","---"
Axiom_GW_HuOrigin.na35.annot.csv:"AX-59416234","Affx-52321475","---","2","MT","13104","13104","+","0","---","GCCCTACTCCACTCAAGCACTATAGTTGTAGCAGG[A/G]ATCTTCTTACTCATCCGCTTCCACCCCCTAGCAGA","A","G","A","G","---","---","D1S2077E // downstream // 5414 /// D5S1608E // upstream // 1708","---","---","---","---","---","1","0","---","---","---","---","---"
Axiom_GW_HuOrigin.na35.annot.csv:"AX-59416252","Affx-52321528","---","2","MT","15203","15203","+","0","---","GAGGGGCCACAGTAATTACAAACTTACTATCCGCC[C/T]TCCCATACATTGGGACAGACCTAGTTCAATGAATC","T","C",".","C/T","---","---","D5S1608E // downstream // 391 /// D1S2076E // upstream // 495 /// D5F1781E // within // 0","---","---","---","---","---","1","0","---","---","---","---","---"
Axiom_GW_HuOrigin.na35.annot.csv:"AX-59416257","Affx-34461821","---","2","MT","15243","15243","+","0","---","ATACATTGGGACAGACCTAGTTCAATGAATCTGAG[A/G]AGGCTACTCAGTAGACAGTCCCACCCTCACACGAT","A","G","G","A","---","---","D5S1608E // downstream // 431 /// D1S2076E // upstream // 455 /// D5F1781E // within // 0","---","---","---","---","---","1","0","---","---","---","---","---"
Axiom_GW_HuOrigin.na35.annot.csv:"AX-59416265","Affx-52321540","---","2","MT","15451","15451","+","0","---","TACACAATCAAAGACGCCCTCGGCTTACTTCTCTT[A/C]CTTCTCTCCTTAATGACATTAACACTATTCTCACC","A","C","C","A","---","---","D5F1781E // downstream // 260 /// D1S2076E // upstream // 247","---","---","---","---","---","1","0","---","---","---","---","---"
Axiom_GW_HuOrigin.na35.annot.csv:"AX-59416266","Affx-34461832","rs28357371","2","MT","15535","15535","+","0","---","GACCCAGACAATTATACCCTAGCCAACCCCTTAAA[C/T]ACCCCTCCCCACATCAAGCCCGAATGATATTTCCT","T","C","C","T","---","---","D5F1781E // downstream // 344 /// D1S2076E // upstream // 163","---","---","---","YES","same","1","0","---","---","---","---","---"
Axiom_GW_HuOrigin.na35.annot.csv:"AX-59416282","Affx-34461853","---","2","MT","1596","1596","+","0","---","CGTAACATGGTAAGTGTACTGGAAAGTGCACTTGG[A/G]CGAACCAGAGTGTAGCTTAACACAAAGCACCCAAC","A","G","A","G","---","---","D3S2893E // upstream // 467","---","---","---","---","---","1","0","---","---","---","---","---"
Axiom_GW_HuOrigin.na35.annot.csv:"AX-59416286","Affx-34461859","---","2","MT","16143","16143","+","0","---","CAGCCACCATGAATATTGTACGGTACCATAAATAC[C/T]TGACCACCTGTAGTACATAAAAACCCAATCCACAT","T","C","T","C","---","---","D1S2076E // downstream // 445","---","---","---","---","---","1","0","---","---","---","---","---"
Axiom_GW_HuOrigin.na35.annot.csv:"AX-59416317","Affx-52321592","rs41323649","2","MT","228","228","+","0","---","ACTTACTAAAGTGTGTTAATTAATTAATGCTTGTA[A/G]GACATAATAATAACAATTGAATGTCTGCACAGCCA","A","G","G","A","---","---","D3S2893E // upstream // 1835","---","---","---","---","same","1","0","---","---","---","---","---"
Axiom_GW_HuOrigin.na35.annot.csv:"AX-59416322","Affx-34461948","rs28445203","2","MT","2483","2483","+","0","---","GGAAAGGTTAAAAAAAGTAAAAGGAACTCGGCAAA[C/T]CTTACCCCGCCTGTTTACCAAAAACATCACCTCTA","T","C","T","C","---","---","D3S2893E // downstream // 420 /// D11S4926E // upstream // 230","---","---","---","---","same","1","0","---","---","---","---","---"
Axiom_GW_HuOrigin.na35.annot.csv:"AX-59416324","Affx-52321599","---","2","MT","2756","2756","+","0","---","GAAGACCCTATGGAGCTTTAATTTATTAATGCAAA[A/G]AGTACCTAACAAACCCACAGGTCCTAAACTACCAA","A","G",".","A/G","---","---","D3S2893E // downstream // 693 /// D17S1473E // upstream // 984 /// D11S4926E // within // 0","---","---","---","---","---","1","0","---","---","---","---","---"
Axiom_GW_HuOrigin.na35.annot.csv:"AX-59416332","Affx-52321617","---","2","MT","3393","3393","+","0","---","GCATTCCTAATGCTTACCGAACGAAAAATTCTAGG[C/T]TATATACAACTACGCAAAGGCCCCAACGTTGTAGG","T","C","C","T","---","---","D11S4926E // downstream // 680 /// D17S1473E // upstream // 347","---","---","---","---","---","1","0","---","---","---","---","---"
Axiom_GW_HuOrigin.na35.annot.csv:"AX-59416337","Affx-34462014","rs28357969","2","MT","3693","3693","+","0","---","TGATCAGGGTGAGCATCAAACTCAAACTACGCCCT[A/G]ATCGGCGCACTGCGAGCAGTAGCCCAAACAATCTC","A","G","G","A","---","---","D11S4926E // downstream // 980 /// D17S1473E // upstream // 47","---","---","---","YES","same","1","0","---","---","---","---","---"
Axiom_GW_HuOrigin.na35.annot.csv:"AX-59416342","Affx-34462030","rs41504646","2","MT","4024","4024","+","0","---","ACACAAACATTATTATAATAAACACCCTCACCACT[A/G]CAATCTTCCTAGGAACAACATATGACGCACTCTCC","A","G","A","G","---","---","D17S1473E // downstream // 284 /// D17S1653E // upstream // 3299","---","---","---","---","same","1","0","---","---","---","---","---"
Axiom_GW_HuOrigin.na35.annot.csv:"AX-59416348","Affx-34462060","rs41376350","2","MT","4561","4561","+","0","---","CACAGCGCTAAGCTCGCACTGATTTTTTACCTGAG[C/T]AGGCCTAGAAATAAACATGCTAGCTTTTATTCCAG","T","C","T","C","---","---","D17S1473E // downstream // 821 /// D17S1653E // upstream // 2762","---","---","---","---","same","1","0","---","---","---","---","---"
Axiom_GW_HuOrigin.na35.annot.csv:"AX-59416350","Affx-34462062","rs28357975","2","MT","4580","4580","+","0","---","TGATTTTTTACCTGAGTAGGCCTAGAAATAAACAT[A/G]CTAGCTTTTATTCCAGTTCTAACCAAAAAAATAAA","A","G","G","A","---","---","D17S1473E // downstream // 840 /// D17S1653E // upstream // 2743","---","---","---","YES","same","1","0","---","---","---","---","---"
Axiom_GW_HuOrigin.na35.annot.csv:"AX-59416357","Affx-34462070","rs28600732","2","MT","4655","4655","+","0","---","CGTTCCACAGAAGCTGCCATCAAGTATTTCCTCAC[A/G]CAAGCAACCGCATCCATAATCCTTCTAATAGCTAT","A","G","G","A","---","---","D17S1473E // downstream // 915 /// D17S1653E // upstream // 2668","---","---","---","YES","same","1","0","---","---","---","---","---"
Axiom_GW_HuOrigin.na35.annot.csv:"AX-59416358","Affx-34462075","rs3021086","2","MT","4769","4769","+","0","---","ACTACCAATCAATACTCATCATTAATAATCATAAT[A/G]GCTATAGCAATAAAACTAGGAATAGCCCCCTTTCA","A","G","A","G","---","---","D17S1473E // downstream // 1029 /// D17S1653E // upstream // 2554","---","---","---","YES","same","1","0","---","---","---","---","---"
Axiom_GW_HuOrigin.na35.annot.csv:"AX-59416389","Affx-34462122","rs41453547","2","MT","5656","5656","+","0","---","ACGCAAATCAGCCACTTTAATTAAGCTAAGCCCTT[A/G]CTAGACCAATGGGACTTAAACCCACAAACACTTAG","A","G","A","G","---","---","D17S1473E // downstream // 1916 /// D17S1653E // upstream // 1667","---","---","---","---","same","1","0","---","---","---","---","---"
Axiom_GW_HuOrigin.na35.annot.csv:"AX-59416392","Affx-34462135","rs7340122","2","MT","5951","5951","+","0","---","CGTTGACTATTCTCTACAAACCACAAAGACATTGG[A/G]ACACTATACCTATTATTCGGCGCATGAGCTGGAGT","A","G","A","G","---","---","D17S1473E // downstream // 2211 /// D17S1653E // upstream // 1372","---","---","---","YES","same","1","0","---","---","---","---","---"
Axiom_GW_HuOrigin.na35.annot.csv:"AX-59416405","Affx-34462157","---","2","MT","6454","6454","+","0","---","ACCCCCTGCCATAACCCAATACCAAACGCCCCTCT[C/T]CGTCTGATCCGTCCTAATCACAGCAGTCCTACTTC","T","C","T","C","---","---","D17S1473E // downstream // 2714 /// D17S1653E // upstream // 869","---","---","---","---","---","1","0","---","---","---","---","---"
Axiom_GW_HuOrigin.na35.annot.csv:"AX-59416411","Affx-34462180","rs41332953","2","MT","6752","6752","+","0","---","GGTATGGTCTGAGCTATGATATCAATTGGCTTCCT[A/G]GGGTTTATCGTGTGAGCACACCATATATTTACAGT","A","G","A","G","---","---","D17S1473E // downstream // 3012 /// D17S1653E // upstream // 571","---","---","---","---","same","1","0","---","---","---","---","---"
Axiom_GW_HuOrigin.na35.annot.csv:"AX-59416414","Affx-34462188","rs1978001","2","MT","6989","6989","+","0","---","GGTGGCCTGACTGGCATTGTATTAGCAAACTCATC[A/G]CTAGACATCGTACTACACGACACGTACTACGTTGT","A","G","A","G","---","---","D17S1473E // downstream // 3249 /// D17S1653E // upstream // 334","---","---","---","YES","same","1","0","---","---","---","---","---"
Axiom_GW_HuOrigin.na35.annot.csv:"AX-59416418","Affx-34462202","rs28358874","2","MT","7175","7175","+","0","---","CATTTCACTATCATATTCATCGGCGTAAATCTAAC[C/T]TTCTTCCCACAACACTTTCTCGGCCTATCCGGAAT","T","C","T","C","---","---","D17S1473E // downstream // 3435 /// D17S1653E // upstream // 148","---","---","---","YES","same","1","0","---","---","---","---","---"
Axiom_GW_HuOrigin.na35.annot.csv:"AX-59416423","Affx-34462207","rs267606884","2","MT","7274","7274","+","0","---","GCATACACCACATGAAACATCCTATCATCTGTAGG[C/T]TCATTCATTTCTCTAACAGCAGTAATATTAATAAT","T","C","C","T","---","---","D17S1473E // downstream // 3534 /// D17S1653E // upstream // 49","---","---","---","---","same","1","0","---","---","---","---","---"
Axiom_GW_HuOrigin.na35.annot.csv:"AX-59416426","Affx-52321668","---","2","MT","748","748","+","0","---","CAGTGAGTTCACCCTCTAAATCACCACGATCAAAA[A/G]GAACAAGCATCAAGCACGCAGCAATGCAGCTCAAA","A","G","G","A","---","---","D3S2893E // upstream // 1315","---","---","---","---","---","1","0","---","---","---","---","---"
Axiom_GW_HuOrigin.na35.annot.csv:"AX-59416441","Affx-34462257","---","2","MT","8427","8427","+","0","---","GCCCACCATAATTACCCCCATACTCCTTACACTAT[C/T]CCTCATCACCCAACTAAAAATATTAAACACAAACT","T","C","T","C","---","---","D1S2077E // downstream // 737 /// D5S1608E // upstream // 6385","---","---","---","---","---","1","0","---","---","---","---","---"
Axiom_GW_HuOrigin.na35.annot.csv:"AX-59416445","Affx-34462264","rs3135028","2","MT","8584","8584","+","0","---","CATTCATTGCCCCCACAATCCTAGGCCTACCCGCC[A/G]CAGTACTGATCATTCTATTTCCCCCTCTATTGATC","A","G","G","A","---","---","D1S2077E // downstream // 894 /// D5S1608E // upstream // 6228","---","---","---","YES","same","1","0","---","---","---","---","---"
Axiom_GW_HuOrigin.na35.annot.csv:"AX-59416451","Affx-34462282","rs41432347","2","MT","8869","8869","+","0","---","CCATGGCCATCCCCTTATGAGCGGGCACAGTGATT[A/G]TAGGCTTTCGCTCTAAGATTAAAAATGCCCTAGCC","A","G","A","G","---","---","D1S2077E // downstream // 1179 /// D5S1608E // upstream // 5943","---","---","---","---","same","1","0","---","---","---","---","---"
Axiom_GW_HuOrigin.na35.annot.csv:"AX-59416454","Affx-34462296","---","2","MT","9072","9072","+","0","---","ATGCACCTAATTGGAAGCGCCACCCTAGCAATATC[A/G]ACCATTAACCTTCCCTCTACACTTATCATCTTCAC","A","G","A","G","---","---","D1S2077E // downstream // 1382 /// D5S1608E // upstream // 5740","---","---","---","---","---","1","0","---","---","---","---","---"
Axiom_GW_HuOrigin.na35.annot.csv:"AX-59416457","Affx-34462299","rs41513156","2","MT","9093","9093","+","0","---","ACCCTAGCAATATCAACCATTAACCTTCCCTCTAC[A/G]CTTATCATCTTCACAATTCTAATTCTACTGACTAT","A","G","A","G","---","---","D1S2077E // downstream // 1403 /// D5S1608E // upstream // 5719","---","---","---","---","same","1","0","---","---","---","---","---"
