Axiom_GW_EUR.na35.annot.csv:"rs1029294_r","Affx-34462160","---","2","MT","6472","6472","+","0","---","ATACCAAACGCCCCTCTTCGTCTGATCCGTCCTAA[C/T]CACAGCAGTCCTACTTCTCCTATCTCTCCCAGTCC","T","C","T","C","---","---","D17S1473E // downstream // 2732 /// D17S1653E // upstream // 851","---","---","---","---","---","1","0","---","---","---","---","---"
Axiom_GW_EUR.na35.annot.csv:"rs1116904_r","Affx-34462239","---","2","MT","8026","8026","+","0","---","CTTGACGTTGACAATCGAGTAGTACTCCCGATTGA[A/G]GCCCCCATTCGTATAATAATTACATCACAAGACGT","A","G","A","G","---","---","D1S2077E // downstream // 336 /// D5S1608E // upstream // 6786","---","---","---","---","---","1","0","---","---","---","---","---"
Axiom_GW_EUR.na35.annot.csv:"rs2001030_f","Affx-52321507","---","2","MT","1436","1436","+","0","---","GAAACTTAAGGGTCGAAGGTGGATTTAGCAGTAAA[A/G]TAAGAGTAGAGTGCTTAGTTGAACAGGGCCCTGAA","A","G",".","A/G","---","---","D3S2893E // upstream // 627","---","---","---","---","---","1","0","---","---","---","---","---"
Axiom_GW_EUR.na35.annot.csv:"rs2015062_r","Affx-52321663","---","2","MT","7027","7027","+","0","---","AGACATCGTACTACACGACACGTACTACGTTGTAG[C/T]CCACTTCCACTATGTCCTATCAATAGGAGCTGTAT","T","C","C","T","---","---","D17S1473E // downstream // 3287 /// D17S1653E // upstream // 296","---","---","---","---","---","1","0","---","---","---","---","---"
Axiom_GW_EUR.na35.annot.csv:"rs2298009_r","Affx-34462301","rs2298009","2","MT","9120","9120","+","0","---","CCCTCTACACTTATCATCTTCACAATTCTAATTCT[A/G]CTGACTATCCTAGAAATCGCTGTCGCCTTAATCCA","A","G","A","G","---","---","D1S2077E // downstream // 1430 /// D5S1608E // upstream // 5692","---","---","---","---","same","1","0","---","---","---","---","---"
Axiom_GW_EUR.na35.annot.csv:"rs2298011_r","Affx-34462305","rs2298011","2","MT","9180","9180","+","0","---","GCCTTAATCCAAGCCTACGTTTTCACACTTCTAGT[A/G]AGCCTCTACCTGCACGACAACACATAATGACCCAC","A","G","A","G","---","---","D1S2077E // downstream // 1490 /// D5S1608E // upstream // 5632","---","---","---","---","same","1","0","---","---","---","---","---"
Axiom_GW_EUR.na35.annot.csv:"rs28357372_f","Affx-34461833","---","2","MT","15606","15606","+","0","---","ATTCGCCTACACAATTCTCCGATCCGTCCCTAACA[A/G]ACTAGGAGGCGTCCTTGCCCTATTACTATCCATCC","A","G","A","G","---","---","D5F1781E // downstream // 415 /// D1S2076E // upstream // 92","---","---","---","---","---","1","0","---","---","---","---","---"
Axiom_GW_EUR.na35.annot.csv:"rs28357373_r","Affx-34461834","rs28357373","2","MT","15629","15629","+","0","---","CCGTCCCTAACAAACTAGGAGGCGTCCTTGCCCTA[C/T]TACTATCCATCCTCATCCTAGCAATAATCCCCATC","T","C","T","C","---","---","D5F1781E // downstream // 438 /// D1S2076E // upstream // 69","---","---","---","YES","same","1","0","---","---","---","---","---"
Axiom_GW_EUR.na35.annot.csv:"rs28357672_r","Affx-34461778","---","2","MT","14211","14211","+","0","---","AATATATACACCAACAAACAATGTTCAACCAGTAA[C/T]TACTACTAATCAACGCCCATAATCATACAAAGCCC","T","C","C","T","---","---","D1S2077E // downstream // 6521 /// D5S1608E // upstream // 601","---","---","---","---","---","1","0","---","---","---","---","---"
Axiom_GW_EUR.na35.annot.csv:"rs28357673_r","Affx-34461782","---","2","MT","14283","14283","+","0","---","CGCACCAATAGGATCCTCCCGAATCAACCCTGACC[C/T]CTCTCCTTCATAAATTATTCAGCTTCCTACACTAT","T","C","C","T","---","---","D1S2077E // downstream // 6593 /// D5S1608E // upstream // 529","---","---","---","---","---","1","0","---","---","---","---","---"
Axiom_GW_EUR.na35.annot.csv:"rs28357675_r","Affx-52321506","---","2","MT","14317","14317","+","0","---","CCCTCTCCTTCATAAATTATTCAGCTTCCTACACT[C/T]TTAAAGTTTACCACAACCACCACCCCATCATACTC","T","C",".","C/T","---","---","D1S2077E // downstream // 6627 /// D5S1608E // upstream // 495","---","---","---","---","---","1","0","---","---","---","---","---"
Axiom_GW_EUR.na35.annot.csv:"rs28357681_r","Affx-52321515","---","2","MT","14797","14797","+","0","---","AAAACTAACCCCCTAATAAAATTAATTAACCACTC[C/T]TTCATCGACCTCCCCACCCCATCCAACATCTCCGC","T","C",".","C/T","---","---","D1S2077E // downstream // 7107 /// D5S1608E // upstream // 15","---","---","---","---","---","1","0","---","---","---","---","---"
Axiom_GW_EUR.na35.annot.csv:"rs28357682_r","Affx-34461806","---","2","MT","14905","14905","+","0","---","ATCCTCCAAATCACCACAGGACTATTCCTAGCCAT[A/G]CACTACTCACCAGACGCCTCAACCGCCTTTTCATC","A","G","G","A","---","---","D1S2077E // downstream // 7215 /// D5F1781E // upstream // 286 /// D5S1608E // within // 0","---","---","---","---","---","1","0","---","---","---","---","---"
Axiom_GW_EUR.na35.annot.csv:"rs28357684_r","Affx-34461812","---","2","MT","15042","15042","+","0","---","CTCAATATTCTTTATCTGCCTCTTCCTACACATCG[A/G]GCGAGGCCTATATTACGGATCATTTCTCTACTCAG","A","G","G","A","---","---","D5S1608E // downstream // 230 /// D5F1781E // upstream // 149","---","---","---","---","---","1","0","---","---","---","---","---"
Axiom_GW_EUR.na35.annot.csv:"rs28357981_r","Affx-34462088","rs28357981","2","MT","4977","4977","+","0","---","CAATCTTATCCATCATAGCAGGCAGTTGAGGTGGA[C/T]TAAACCAAACCCAGCTACGCAAAATCTTAGCATAC","T","C","T","C","---","---","D17S1473E // downstream // 1237 /// D17S1653E // upstream // 2346","---","---","---","YES","same","1","0","---","---","---","---","---"
Axiom_GW_EUR.na35.annot.csv:"rs28357987_r","Affx-34462111","---","2","MT","5392","5392","+","0","---","AATCTACTCCACCTCAATCACACTACTCCCCATAT[C/T]TAACAACGTAAAAATAAAATGACAGTTTGAACATA","T","C","C","T","---","---","D17S1473E // downstream // 1652 /// D17S1653E // upstream // 1931","---","---","---","---","---","1","0","---","---","---","---","---"
Axiom_GW_EUR.na35.annot.csv:"rs28358273_r","Affx-34462328","---","2","MT","9553","9553","+","0","---","CAGCCTAGCCCCTACCCCCCAATTAGGAGGGCACT[A/G]GCCCCCAACAGGCATCACCCCGCTAAATCCCCTAG","A","G","G","A","---","---","D1S2077E // downstream // 1863 /// D5S1608E // upstream // 5259","---","---","---","---","---","1","0","---","---","---","---","---"
Axiom_GW_EUR.na35.annot.csv:"rs28358275_r","Affx-34461577","rs397515504","2","MT","10237","10237","+","0","---","CGTCCCTTTCTCCATAAAATTCTTCTTAGTAGCTA[C/T]TACCTTCTTATTATTTGATCTAGAAATTGCCCTCC","T","C","T","C","---","---","D1S2077E // downstream // 2547 /// D5S1608E // upstream // 4575","---","---","---","---","same","1","0","---","---","---","---","---"
Axiom_GW_EUR.na35.annot.csv:"rs28358277_f","Affx-34461584","---","2","MT","10372","10372","+","0","---","ATTAATCATCATCCTAGCCCTAAGTCTGGCCTATG[A/G]GTGACTACAAAAAGGATTAGACTGAACCGAATTGG","A","G","A","G","---","---","D1S2077E // downstream // 2682 /// D5S1608E // upstream // 4440","---","---","---","---","---","1","0","---","---","---","---","---"
Axiom_GW_EUR.na35.annot.csv:"rs28358278_r","Affx-34461586","---","2","MT","10399","10399","+","0","---","GGCCTATGAGTGACTACAAAAAGGATTAGACTGAA[C/T]CGAATTGGTATATAGTTTAAACAAAACGAATGATT","T","C","C","T","---","---","D1S2077E // downstream // 2709 /// D5S1608E // upstream // 4413","---","---","---","---","---","1","0","---","---","---","---","---"
Axiom_GW_EUR.na35.annot.csv:"rs28358281_r","Affx-34461595","rs28358281","2","MT","10586","10586","+","0","---","TCCTCCCTACTATGCCTAGAAGGAATAATACTATC[A/G]CTGTTCATTATAGCTACTCTCATAACCCTCAACAC","A","G","G","A","---","---","D1S2077E // downstream // 2896 /// D5S1608E // upstream // 4226","---","---","---","YES","same","1","0","---","---","---","---","---"
Axiom_GW_EUR.na35.annot.csv:"rs28358282_r","Affx-34461607","---","2","MT","10809","10809","+","0","---","CGTCCCAACAATTATATTACTACCACTGACATGAC[C/T]TTCCAAAAAACACATAATTTGAATCAACACAACCA","T","C","T","C","---","---","D1S2077E // downstream // 3119 /// D5S1608E // upstream // 4003","---","---","---","---","---","1","0","---","---","---","---","---"
Axiom_GW_EUR.na35.annot.csv:"rs28358285_r","Affx-34461624","---","2","MT","11298","11298","+","0","---","CAACACCCTAGGCTCACTAAACATTCTACTACTCA[C/T]TCTCACTGCCCAAGAACTATCAAACTCCTGAGCCA","T","C","C","T","---","---","D1S2077E // downstream // 3608 /// D5S1608E // upstream // 3514","---","---","---","---","---","1","0","---","---","---","---","---"
Axiom_GW_EUR.na35.annot.csv:"rs28358572_r","Affx-52321467","---","2","MT","1241","1241","+","0","---","GTTCTGTAATCGATAAACCCCGATCAACCTCACCA[C/T]CTCTTGCTCAGCCTATATACCGCCATCTTCAGCAA","T","C","C","T","---","---","D3S2893E // upstream // 822","---","---","---","---","---","1","0","---","---","---","---","---"
Axiom_GW_EUR.na35.annot.csv:"rs28358574_r","Affx-52321580","---","2","MT","1734","1734","+","0","---","CTTACTACCAGACAACCTTAGCCAAACCATTTACC[A/G]AAATAAAGTATAGGCGATAGAAATTGAAACCTGGC","A","G",".","A/G","---","---","D3S2893E // upstream // 329","---","---","---","---","---","1","0","---","---","---","---","---"
Axiom_GW_EUR.na35.annot.csv:"rs28358578_r","Affx-52321593","---","2","MT","2330","2330","+","0","---","CTAATGTTAGTATAAGTAACATGAAAACATTCTCC[C/T]CCGCATAAGCCTGCGTCAGATTAAAACACTGAACT","T","C","T","C","---","---","D3S2893E // downstream // 267 /// D11S4926E // upstream // 383","---","---","---","---","---","1","0","---","---","---","---","---"
Axiom_GW_EUR.na35.annot.csv:"rs28358580_r","Affx-52321596","---","2","MT","2414","2414","+","0","---","CCAATATCTACAATCAACCAACAAGTCATTATTAC[C/T]CTCACTGTCAACCCAACACAGGCATGCTCATAAGG","T","C","C","T","---","---","D3S2893E // downstream // 351 /// D11S4926E // upstream // 299","---","---","---","---","---","1","0","---","---","---","---","---"
Axiom_GW_EUR.na35.annot.csv:"rs28358581_r","Affx-52321602","---","2","MT","2787","2787","+","0","---","CAAACAGTACCTAACAAACCCACAGGTCCTAAACT[C/T]CCAAACCTGCATTAAAAATTTCGGTTGGGGCGACC","T","C",".","C/T","---","---","D3S2893E // downstream // 724 /// D17S1473E // upstream // 953 /// D11S4926E // within // 0","---","---","---","---","---","1","0","---","---","---","---","---"
Axiom_GW_EUR.na35.annot.csv:"rs28358582_r","Affx-52321614","---","2","MT","3307","3307","+","0","---","TTACAGTCAGAGGTTCAATTCCTCTTCTTAACAAC[C/T]TACCCATGGCCAACCTCCTACTCCTCATTGTACCC","T","C",".","C/T","---","---","D11S4926E // downstream // 594 /// D17S1473E // upstream // 433","---","---","---","---","---","1","0","---","---","---","---","---"
Axiom_GW_EUR.na35.annot.csv:"rs28358584_r","Affx-34462000","---","2","MT","3479","3479","+","0","---","ACAACCCTTCGCTGACGCCATAAAACTCTTCACCA[A/G]AGAGCCCCTAAAACCCGCCACATCTACCATCACCC","A","G","A","G","---","---","D11S4926E // downstream // 766 /// D17S1473E // upstream // 261","---","---","---","---","---","1","0","---","---","---","---","---"
Axiom_GW_EUR.na35.annot.csv:"rs28358586_r","Affx-52321622","---","2","MT","3546","3546","+","0","---","ACCCTCTACATCACCGCCCCGACCTTAGCTCTCAC[A/G]ATCGCTCTTCTACTATGAACCCCCCTCCCCATACC","A","G",".","A/G","---","---","D11S4926E // downstream // 833 /// D17S1473E // upstream // 194","---","---","---","---","---","1","0","---","---","---","---","---"
Axiom_GW_EUR.na35.annot.csv:"rs28358884_r","Affx-52321677","---","2","MT","8413","8413","+","0","---","AATACTACCGTATGGCCCACCATAATTACCCCCAT[C/T]CTCCTTACACTATTCCTCATCACCCAACTAAAAAT","T","C",".","C/T","---","---","D1S2077E // downstream // 723 /// D5S1608E // upstream // 6399","---","---","---","---","---","1","0","---","---","---","---","---"
Axiom_GW_EUR.na35.annot.csv:"rs28359170_r","Affx-52321455","---","2","MT","12235","12235","+","0","---","ATTTACCGAGAAAGCTCACAAGAACTGCTAACTCA[A/G]GCCCCCATGTCTAACAACATGGCTTTCTCAACTTT","A","G",".","A/G","---","---","D1S2077E // downstream // 4545 /// D5S1608E // upstream // 2577","---","---","---","---","---","1","0","---","---","---","---","---"
Axiom_GW_EUR.na35.annot.csv:"rs28359172_r","Affx-34461691","rs28359172","2","MT","12612","12612","+","0","---","AAACTAGACTACTTCTCCATAATATTCATCCCTGT[A/G]GCATTGTTCGTTACATGGTCCATCATAGAATTCTC","A","G","A","G","---","---","D1S2077E // downstream // 4922 /// D5S1608E // upstream // 2200","---","---","---","YES","same","1","0","---","---","---","---","---"
Axiom_GW_EUR.na35.annot.csv:"rs28359173_r","Affx-34461697","---","2","MT","12692","12692","+","0","---","TATAAACTCAGACCCAAACATTAATCAGTTCTTCA[A/G]ATATCTACTCATCTTCCTAATTACCATACTAATCT","A","G","A","G","---","---","D1S2077E // downstream // 5002 /// D5S1608E // upstream // 2120","---","---","---","---","---","1","0","---","---","---","---","---"
Axiom_GW_EUR.na35.annot.csv:"rs28359175_f","Affx-34461717","---","2","MT","13262","13262","+","0","---","CATCAAAAAAATCGTAGCCTTCTCCACTTCAAGTC[A/G]ACTAGGACTCATAATAGTTACAATCGGCATCAACC","A","G","A","G","---","---","D1S2077E // downstream // 5572 /// D5S1608E // upstream // 1550","---","---","---","---","---","1","0","---","---","---","---","---"
Axiom_GW_EUR.na35.annot.csv:"rs28359176_r","Affx-34461730","rs28359176","2","MT","13485","13485","+","0","---","TCCCTCACCATTGGCAGCCTAGCATTAGCAGGAAT[A/G]CCTTTCCTCACAGGTTTCTACTCCAAAGACCACAT","A","G","A","G","---","---","D1S2077E // downstream // 5795 /// D5S1608E // upstream // 1327","---","---","---","YES","same","1","0","---","---","---","---","---"
Axiom_GW_EUR.na35.annot.csv:"rs28359177_r","Affx-34461738","rs28359177","2","MT","13590","13590","+","0","---","TGAGCCCTATCTATTACTCTCATCGCTACCTCCCT[A/G]ACAAGCGCCTATAGCACTCGAATAATTCTTCTCAC","A","G","G","A","---","---","D1S2077E // downstream // 5900 /// D5S1608E // upstream // 1222","---","---","---","YES","same","1","0","---","---","---","---","---"
Axiom_GW_EUR.na35.annot.csv:"rs28359178_r","Affx-52321481","---","2","MT","13707","13707","+","0","---","AATAACCCCACCCTACTAAACCCCATTAAACGCCT[A/G]GCAGCCGGAAGCCTATTCGCAGGATTTCTCATTAC","A","G","G","A","---","---","D1S2077E // downstream // 6017 /// D5S1608E // upstream // 1105","---","---","---","---","---","1","0","---","---","---","---","---"
Axiom_GW_EUR.na35.annot.csv:"rs28359183_r","Affx-34461759","rs28359183","2","MT","13914","13914","+","0","---","TCCCCACTATGCACATTTTATTTCTCCAACATACT[A/C]GGATTCTACCCTAGCATCACACACCGCACAATCCC","A","C","C","A","---","---","D1S2077E // downstream // 6224 /// D5S1608E // upstream // 898","---","---","---","YES","same","1","0","---","---","---","---","---"
Axiom_GW_EUR.na35.annot.csv:"rs28359185_r","Affx-52321497","---","2","MT","13999","13999","+","0","---","TTACGAGCCAAAACCTGCCCCTACTCCTCCTAGAC[A/T]TAACCTGACTAGAAAAGCTATTACCTAAAACAATT","A","T",".","A/T","---","---","D1S2077E // downstream // 6309 /// D5S1608E // upstream // 813","---","---","---","---","---","2","0","---","---","---","---","---"
Axiom_GW_EUR.na35.annot.csv:"rs28379170_r","Affx-34461727","rs28379170","2","MT","13401","13401","+","0","---","GGGTCCATCATCCACAACCTTAACAATGAACAAGA[C/T]ATTCGAAAAATAGGAGGACTACTCAAAACCATACC","T","C","T","C","---","---","D1S2077E // downstream // 5711 /// D5S1608E // upstream // 1411","---","---","---","---","same","1","0","---","---","---","---","---"
Axiom_GW_EUR.na35.annot.csv:"rs28411821_r","Affx-34462342","---","2","MT","9823","9823","+","0","---","CTCAACATTTTTTGTAGCCACAGGCTTCCACGGAC[C/T]TCACGTCATTATTGGCTCAACTTTCCTCACTATCT","T","C","T","C","---","---","D1S2077E // downstream // 2133 /// D5S1608E // upstream // 4989","---","---","---","---","---","1","0","---","---","---","---","---"
Axiom_GW_EUR.na35.annot.csv:"rs28445709_r","Affx-34462194","rs28445709","2","MT","7084","7084","+","0","---","AATAGGAGCTGTATTTGCCATCATAGGAGGCTTCA[C/T]TCACTGATTTCCCCTATTCTCAGGCTACACCCTAG","T","C","T","C","---","---","D17S1473E // downstream // 3344 /// D17S1653E // upstream // 239","---","---","---","---","same","1","0","---","---","---","---","---"
Axiom_GW_EUR.na35.annot.csv:"rs28456039_r","Affx-34462109","rs28456039","2","MT","5319","5319","+","0","---","AAAACAATAGCCTCATCATCCCCACCATCATAGCC[A/G]CCATCACCCTCCTTAACCTCTACTTCTACCTACGC","A","G","A","G","---","---","D17S1473E // downstream // 1579 /// D17S1653E // upstream // 2004","---","---","---","---","same","1","0","---","---","---","---","---"
Axiom_GW_EUR.na35.annot.csv:"rs28457866_r","Affx-34461582","---","2","MT","10355","10355","+","0","---","GTTATGTCATCCCTCTTATTAATCATCATCCTAGC[C/G]CTAAGTCTGGCCTATGAGTGACTACAAAAAGGATT","C","G","C","G","---","---","D1S2077E // downstream // 2665 /// D5S1608E // upstream // 4457","---","---","---","---","---","2","0","---","---","---","---","---"
Axiom_GW_EUR.na35.annot.csv:"rs28502681_r","Affx-34462263","---","2","MT","8571","8571","+","0","---","AATCTGTTCGCTTCATTCATTGCCCCCACAATCCT[A/G]GGCCTACCCGCCGCAGTACTGATCATTCTATTTCC","A","G","A","G","---","---","D1S2077E // downstream // 881 /// D5S1608E // upstream // 6241","---","---","---","---","---","1","0","---","---","---","---","---"
Axiom_GW_EUR.na35.annot.csv:"rs2853490_f","Affx-34461617","---","2","MT","11175","11175","+","0","---","CCCCACCTTGGCTATCATCACCCGATGAGGCAACC[A/G]GCCAGAACGCCTGAACGCAGGCACATACTTCCTAT","A","G","A","G","---","---","D1S2077E // downstream // 3485 /// D5S1608E // upstream // 3637","---","---","---","---","---","1","0","---","---","---","---","---"
Axiom_GW_EUR.na35.annot.csv:"rs2853494_r","Affx-34461637","rs2853494","2","MT","11641","11641","+","0","---","AAATCGCTCATTGCATACTCTTCAATCAGCCACAT[A/G]GCCCTCGTAGTAACAGCCATTCTCATCCAAACCCC","A","G","A","G","---","---","D1S2077E // downstream // 3951 /// D5S1608E // upstream // 3171","---","---","---","YES","same","1","0","---","---","---","---","---"
Axiom_GW_EUR.na35.annot.csv:"rs2853495_r","Affx-34461643","---","2","MT","11718","11718","+","0","---","CTTCACCGGCGCAGTCATTCTCATAATCGCCCACG[A/G]GCTTACATCCTCATTACTATTCTGCCTAGCAAACT","A","G","G","A","---","---","D1S2077E // downstream // 4028 /// D5S1608E // upstream // 3094","---","---","---","---","---","1","0","---","---","---","---","---"
Axiom_GW_EUR.na35.annot.csv:"rs2853497_f","Affx-34461661","---","2","MT","12006","12006","+","0","---","CCTATACTCCCTCTACATATTTACCACAACACAAT[A/G]GGGCTCACTCACCCACCACATTAACAACATAAAAC","A","G","G","A","---","---","D1S2077E // downstream // 4316 /// D5S1608E // upstream // 2806","---","---","---","---","---","1","0","---","---","---","---","---"
Axiom_GW_EUR.na35.annot.csv:"rs2853499_r","Affx-34461680","rs2853499","2","MT","12372","12372","+","0","---","ATAACCATGCACACTACTATAACCACCCTAACCCT[A/G]ACTTCCCTAATTCCCCCCATCCTTACCACCCTCGT","A","G","G","A","---","---","D1S2077E // downstream // 4682 /// D5S1608E // upstream // 2440","---","---","---","YES","same","1","0","---","---","---","---","---"
Axiom_GW_EUR.na35.annot.csv:"rs2853503_r","Affx-34461741","---","2","MT","13616","13616","+","0","---","TACCTCCCTGACAAGCGCCTATAGCACTCGAATAA[C/T]TCTTCTCACCCTAACAGGTCAACCTCGCTTCCCCA","T","C","T","C","---","---","D1S2077E // downstream // 5926 /// D5S1608E // upstream // 1196","---","---","---","---","---","1","0","---","---","---","---","---"
Axiom_GW_EUR.na35.annot.csv:"rs2853505_r","Affx-52321517","---","2","MT","14860","14860","+","0","---","ATCTCCGCATGATGAAACTTCGGCTCACTCCTTGG[A/G]GCCTGCCTGATCCTCCAAATCACCACAGGACTATT","A","G",".","A/G","---","---","D1S2077E // downstream // 7170 /// D5F1781E // upstream // 331 /// D5S1608E // within // 0","---","---","---","---","---","1","0","---","---","---","---","---"
Axiom_GW_EUR.na35.annot.csv:"rs2853512_f","Affx-34461862","rs2853512","2","MT","16153","16153","+","0","---","GAATATTGTACGGTACCATAAATACTTGACCACCT[A/G]TAGTACATAAAAACCCAATCCACATCAAAACCCCC","A","G","G","A","---","---","D1S2076E // downstream // 455","---","---","---","---","same","1","0","---","---","---","---","---"
Axiom_GW_EUR.na35.annot.csv:"rs2853513_r","Affx-34461874","---","2","MT","16221","16221","+","0","---","CCCTCCCCATGCTTACAAGCAAGTACAGCAATCAA[C/T]CCTCAACTATCACACATCAACTGCAACTCCAAAGC","T","C","C","T","---","---","D1S2076E // downstream // 523","---","---","---","---","---","1","0","---","---","---","---","---"
Axiom_GW_EUR.na35.annot.csv:"rs2853515_r","Affx-34461957","rs2853515","2","MT","263","263","+","0","---","GGACATAATAATAACAATTGAATGTCTGCACAGCC[A/G]CTTTCCACACAGACATCATAACAAAAAATTTCCAC","A","G","A","G","---","---","D3S2893E // upstream // 1800","---","---","---","---","same","1","0","---","---","---","---","---"
Axiom_GW_EUR.na35.annot.csv:"rs2853519_f","Affx-52321671","---","2","MT","767","767","+","0","---","ATCACCACGATCAAAAGGAACAAGCATCAAGCACG[A/G]AGCAATGCAGCTCAAAACGCTTAGCCTAGCCACAC","A","G",".","A/G","---","---","D3S2893E // upstream // 1296","---","---","---","---","---","1","0","---","---","---","---","---"
Axiom_GW_EUR.na35.annot.csv:"rs2853812_r","Affx-34461709","---","2","MT","12966","12966","+","0","---","CAACAAATAGCCCTTCTAAACGCTAATCCAAGCCT[A/C]ACCCCACTACTAGGCCTCCTCCTAGCAGCAGCAGG","A","C","C","A","---","---","D1S2077E // downstream // 5276 /// D5S1608E // upstream // 1846","---","---","---","---","---","1","0","---","---","---","---","---"
Axiom_GW_EUR.na35.annot.csv:"rs2854122_r","Affx-34461698","---","2","MT","12704","12704","+","0","---","CCCAAACATTAATCAGTTCTTCAAATATCTACTCA[C/T]CTTCCTAATTACCATACTAATCTTAGTTACCGCTA","T","C","T","C","---","---","D1S2077E // downstream // 5014 /// D5S1608E // upstream // 2108","---","---","---","---","---","1","0","---","---","---","---","---"
Axiom_GW_EUR.na35.annot.csv:"rs2854128_f","Affx-52321598","---","2","MT","2704","2704","+","0","---","ACCAGTGAAATTGACCTGCCCGTGAAGAGGCGGGC[A/G]TAACACAGCAAGACGAGAAGACCCTATGGAGCTTT","A","G","A","G","---","---","D3S2893E // downstream // 641 /// D11S4926E // upstream // 9","---","---","---","---","---","1","0","---","---","---","---","---"
Axiom_GW_EUR.na35.annot.csv:"rs2854130_r","Affx-52321605","---","2","MT","2883","2883","+","0","---","AGTACATGCTAAGACTTCACCAGTCAAAGCGAACT[C/T]CTATACTCAATTGATCCAATAACTTGACCAACGGA","T","C",".","C/T","---","---","D3S2893E // downstream // 820 /// D17S1473E // upstream // 857 /// D11S4926E // within // 0","---","---","---","---","---","1","0","---","---","---","---","---"
Axiom_GW_EUR.na35.annot.csv:"rs2854134_r","Affx-34462008","---","2","MT","3593","3593","+","0","---","ACTATGAACCCCCCTCCCCATACCCAACCCCCTGG[C/T]CAACCTCAACCTAGGCCTCCTATTTATTCTAGCCA","T","C","T","C","---","---","D11S4926E // downstream // 880 /// D17S1473E // upstream // 147","---","---","---","---","---","1","0","---","---","---","---","---"
Axiom_GW_EUR.na35.annot.csv:"rs2854139_r","Affx-34462341","rs2854139","2","MT","9818","9818","+","0","---","TACGGCTCAACATTTTTTGTAGCCACAGGCTTCCA[C/T]GGACTTCACGTCATTATTGGCTCAACTTTCCTCAC","T","C","C","T","---","---","D1S2077E // downstream // 2128 /// D5S1608E // upstream // 4994","---","---","---","YES","same","1","0","---","---","---","---","---"
Axiom_GW_EUR.na35.annot.csv:"rs28558945_r","Affx-34461941","---","2","MT","2413","2413","+","0","---","CCCAATATCTACAATCAACCAACAAGTCATTATTA[C/T]CCTCACTGTCAACCCAACACAGGCATGCTCATAAG","T","C","C","T","---","---","D3S2893E // downstream // 350 /// D11S4926E // upstream // 300","---","---","---","---","---","1","0","---","---","---","---","---"
Axiom_GW_EUR.na35.annot.csv:"rs28561372_r","Affx-34461852","---","2","MT","15953","15953","+","0","---","TTGTAAACCGGAGATGAAAACCTTTTTCCAAGGAC[A/G]AATCAGAGAAAAAGTCTTTAACTCCACCATTAGCA","A","G","A","G","---","---","D1S2076E // downstream // 255","---","---","---","---","---","1","0","---","---","---","---","---"
Axiom_GW_EUR.na35.annot.csv:"rs28575684_r","Affx-34462334","---","2","MT","9646","9646","+","0","---","CGTATTACTCGCATCAGGAGTATCAATCACCTGAG[C/T]TCACCATAGTCTAATAGAAAACAACCGAAACCAAA","T","C","C","T","---","---","D1S2077E // downstream // 1956 /// D5S1608E // upstream // 5166","---","---","---","---","---","1","0","---","---","---","---","---"
Axiom_GW_EUR.na35.annot.csv:"rs28591518_r","Affx-34461702","---","2","MT","12767","12767","+","0","---","TACCGCTAACAACCTATTCCAACTGTTCATCGGCT[A/G]AGAGGGCGTAGGAATTATATCCTTCTTGCTCATCA","A","G","G","A","---","---","D1S2077E // downstream // 5077 /// D5S1608E // upstream // 2045","---","---","---","---","---","1","0","---","---","---","---","---"
Axiom_GW_EUR.na35.annot.csv:"rs28617642_r","Affx-34461842","---","2","MT","15883","15883","+","0","---","ACTATCTCCCTAATTGAAAACAAAATACTCAAATG[A/G]GCCTGTCCTTGTAGTATAAACTAATACACCAGTCT","A","G","G","A","---","---","D1S2076E // downstream // 185","---","---","---","---","---","1","0","---","---","---","---","---"
Axiom_GW_EUR.na35.annot.csv:"rs28619217_f","Affx-34461962","---","2","MT","2753","2753","+","0","---","CGAGAAGACCCTATGGAGCTTTAATTTATTAATGC[A/G]AACAGTACCTAACAAACCCACAGGTCCTAAACTAC","A","G","A","G","---","---","D3S2893E // downstream // 690 /// D17S1473E // upstream // 987 /// D11S4926E // within // 0","---","---","---","---","---","1","0","---","---","---","---","---"
Axiom_GW_EUR.na35.annot.csv:"rs28647453_r","Affx-34462024","rs28647453","2","MT","3927","3927","+","0","---","ACCCCCTTCGACCTTGCCGAAGGGGAGTCCGAACT[A/G]GTCTCAGGCTTCAACATCGAATACGCCGCAGGCCC","A","G","A","G","---","---","D17S1473E // downstream // 187 /// D17S1653E // upstream // 3396","---","---","---","---","same","1","0","---","---","---","---","---"
Axiom_GW_EUR.na35.annot.csv:"rs28681063_r","Affx-52321691","---","2","MT","9024","9024","+","0","---","GCCCTGGCCGTACGCCTAACCGCTAACATTACTGC[A/G]GGCCACCTACTCATGCACCTAATTGGAAGCGCCAC","A","G","A","G","---","---","D1S2077E // downstream // 1334 /// D5S1608E // upstream // 5788","---","---","---","---","---","1","0","---","---","---","---","---"
Axiom_GW_EUR.na35.annot.csv:"rs28690056_f","Affx-34462345","---","2","MT","9908","9908","+","0","---","CTAATATTTCACTTTACATCCAAACATCACTTTGG[C/T]TTCGAAGCCGCCGCCTGATACTGGCATTTTGTAGA","T","C","C","T","---","---","D1S2077E // downstream // 2218 /// D5S1608E // upstream // 4904","---","---","---","---","---","1","0","---","---","---","---","---"
Axiom_GW_EUR.na35.annot.csv:"rs28709356_r","Affx-34461604","---","2","MT","10732","10732","+","0","---","CCTACTAGTCTCAATCTCCAACACATATGGCCTAG[A/C]CTACGTACATAACCTAAACCTACTCCAATGCTAAA","A","C","A","C","---","---","D1S2077E // downstream // 3042 /// D5S1608E // upstream // 4080","---","---","---","---","---","1","0","---","---","---","---","---"
Axiom_GW_EUR.na35.annot.csv:"rs28718242_r","Affx-34461652","---","2","MT","11898","11898","+","0","---","CTTACCCCCCACTATTAACCTACTGGGAGAACTCT[C/T]TGTGCTAGTAACCACGTTCTCCTGATCAAATATCA","T","C","C","T","---","---","D1S2077E // downstream // 4208 /// D5S1608E // upstream // 2914","---","---","---","---","---","1","0","---","---","---","---","---"
Axiom_GW_EUR.na35.annot.csv:"rs3094280_r","Affx-52321545","---","2","MT","15661","15661","+","0","---","CTATTACTATCCATCCTCATCCTAGCAATAATCCC[A/G]ATCCTCCATATATCCAAACAACAAAGCATAATATT","A","G",".","A/G","---","---","D5F1781E // downstream // 470 /// D1S2076E // upstream // 37","---","---","---","---","---","1","0","---","---","---","---","---"
Axiom_GW_EUR.na35.annot.csv:"rs3134561_f","Affx-52321462","---","2","MT","12360","12360","+","0","---","CAAATAAAAGTAATAACCATGCACACTACTATAAC[A/G]ACCCTAACCCTGACTTCCCTAATTCCCCCCATCCT","A","G",".","A/G","---","---","D1S2077E // downstream // 4670 /// D5S1608E // upstream // 2452","---","---","---","---","---","1","0","---","---","---","---","---"
Axiom_GW_EUR.na35.annot.csv:"rs3134801_r","Affx-34462350","---","2","MT","9949","9949","+","0","---","AGCCGCCGCCTGATACTGGCATTTTGTAGATGTGG[C/T]TTGACTATTTCTGTATGTCTCCATCTATTGATGAG","T","C","T","C","---","---","D1S2077E // downstream // 2259 /// D5S1608E // upstream // 4863","---","---","---","---","---","1","0","---","---","---","---","---"
Axiom_GW_EUR.na35.annot.csv:"rs35452858_r","Affx-34461886","---","2","MT","16323","16323","+","0","---","TACCCACCCTTAACAGTACATAGTACATAAAGCCA[C/T]TTACCGTACATAGCACATTACAGTCAAATCCCTTC","T","C","T","C","---","---","D1S2076E // downstream // 625","---","---","---","---","---","1","0","---","---","---","---","---"
Axiom_GW_EUR.na35.annot.csv:"rs3899498_r","Affx-52321478","---","2","MT","13367","13367","+","0","---","CGCCTTCTTCAAAGCCATACTATTTATGTGCTCCG[A/G]GTCCATCATCCACAACCTTAACAATGAACAAGATA","A","G","G","A","---","---","D1S2077E // downstream // 5677 /// D5S1608E // upstream // 1445","---","---","---","---","---","1","0","---","---","---","---","---"
Axiom_GW_EUR.na35.annot.csv:"rs3902406_r","Affx-34462158","---","2","MT","6460","6460","+","0","---","TGCCATAACCCAATACCAAACGCCCCTCTTCGTCT[A/G]ATCCGTCCTAATCACAGCAGTCCTACTTCTCCTAT","A","G","G","A","---","---","D17S1473E // downstream // 2720 /// D17S1653E // upstream // 863","---","---","---","---","---","1","0","---","---","---","---","---"
Axiom_GW_EUR.na35.annot.csv:"rs3902407_r","Affx-34462343","---","2","MT","9832","9832","+","0","---","TTTTGTAGCCACAGGCTTCCACGGACTTCACGTCA[C/T]TATTGGCTCAACTTTCCTCACTATCTGCTTCATCC","T","C","T","C","---","---","D1S2077E // downstream // 2142 /// D5S1608E // upstream // 4980","---","---","---","---","---","1","0","---","---","---","---","---"
Axiom_GW_EUR.na35.annot.csv:"rs3915952_r","Affx-34461623","rs3915952","2","MT","11251","11251","+","0","---","ACCCTAGTAGGCTCCCTTCCCCTACTCATCGCACT[A/G]ATTTACACTCACAACACCCTAGGCTCACTAAACAT","A","G","A","G","---","---","D1S2077E // downstream // 3561 /// D5S1608E // upstream // 3561","---","---","---","YES","same","1","0","---","---","---","---","---"
Axiom_GW_EUR.na35.annot.csv:"rs3926883_r","Affx-34461694","---","2","MT","12632","12632","+","0","---","AATATTCATCCCTGTAGCATTGTTCGTTACATGGT[A/C]CATCATAGAATTCTCACTGTGATATATAAACTCAG","A","C","C","A","---","---","D1S2077E // downstream // 4942 /// D5S1608E // upstream // 2180","---","---","---","---","---","1","0","---","---","---","---","---"
Axiom_GW_EUR.na35.annot.csv:"rs3928306_r","Affx-52321607","---","2","MT","3008","3008","+","0","---","TAGGGTTTACGACCTCGATGTTGGATCAGGACATC[A/G]CGATGGTGCAGCCGCTATTAAAGGTTCGTTTGTTC","A","G",".","A/G","---","---","D11S4926E // downstream // 295 /// D17S1473E // upstream // 732","---","---","---","---","---","1","0","---","---","---","---","---"
Axiom_GW_EUR.na35.annot.csv:"rs3928312_f","Affx-34461968","rs199713564","2","MT","2831","2831","+","0","---","GCATTAAAAATTTCGGTTGGGGCGACCTCGGAGCA[A/G]AACCCAACCTCCGAGCAGTACATGCTAAGACTTCA","A","G","G","A","---","---","D3S2893E // downstream // 768 /// D17S1473E // upstream // 909 /// D11S4926E // within // 0","---","---","---","---","same","1","0","---","---","---","---","---"
Axiom_GW_EUR.na35.annot.csv:"rs3937039_r","Affx-34462171","rs56489998","2","MT","663","663","+","0","---","CTCACATCACCCCATAAACAAATAGGTTTGGTCCT[A/G]GCCTTTCTATTAGCTCTTAGTAAGATTACACATGC","A","G","A","G","---","---","D3S2893E // upstream // 1400","---","---","---","---","reverse","1","0","---","---","---","---","---"
Axiom_GW_EUR.na35.annot.csv:"rs41337244_r","Affx-52321548","---","2","MT","15757","15757","+","0","---","TGACTCCTAGCCGCAGACCTCCTCATTCTAACCTG[A/G]ATCGGAGGACAACCAGTAAGCTACCCTTTTACCAT","A","G","A","G","---","---","D5F1781E // downstream // 566 /// D1S2076E // within // 0","---","---","---","---","---","1","0","---","---","---","---","---"
Axiom_GW_EUR.na35.annot.csv:"rs41347846_r","Affx-52321429","---","2","MT","10033","10033","+","0","---","TAGTATAAATAGTACCGTTAACTTCCAATTAACTA[C/T]TTTTGACAACATTCAAAAAAGAGTAATAAACTTCG","T","C",".","C/T","---","---","D1S2077E // downstream // 2343 /// D5S1608E // upstream // 4779","---","---","---","---","---","1","0","---","---","---","---","---"
Axiom_GW_EUR.na35.annot.csv:"rs41349444_f","Affx-34461927","rs41349444","2","MT","2158","2158","+","0","---","CACTAGGAAAAAACCTTGTAGAGAGAGTAAAAAAT[C/T]TAACACCCATAGTAGGCCTAAAAGCAGCCACCAAT","T","C","T","C","---","---","D11S4926E // upstream // 555 /// D3S2893E // within // 0","---","---","---","---","same","1","0","---","---","---","---","---"
Axiom_GW_EUR.na35.annot.csv:"rs41355750_r","Affx-34462016","---","2","MT","3719","3719","+","0","---","CTACGCCCTGATCGGCGCACTGCGAGCAGTAGCCC[A/G]AACAATCTCATATGAAGTCACCCTAGCCATCATTC","A","G","A","G","---","---","D11S4926E // downstream // 1006 /// D17S1473E // upstream // 21","---","---","---","---","---","1","0","---","---","---","---","---"
Axiom_GW_EUR.na35.annot.csv:"rs41369547_r","Affx-34461695","rs41369547","2","MT","12669","12669","+","0","---","ATCATAGAATTCTCACTGTGATATATAAACTCAGA[C/T]CCAAACATTAATCAGTTCTTCAAATATCTACTCAT","T","C","C","T","---","---","D1S2077E // downstream // 4979 /// D5S1608E // upstream // 2143","---","---","---","---","same","1","0","---","---","---","---","---"
Axiom_GW_EUR.na35.annot.csv:"rs41421644_r","Affx-34461746","---","2","MT","13733","13733","+","0","---","TAAACGCCTGGCAGCCGGAAGCCTATTCGCAGGAT[C/T]TCTCATTACTAACAACATTTCCCCCGCATCCCCCT","T","C","T","C","---","---","D1S2077E // downstream // 6043 /// D5S1608E // upstream // 1079","---","---","---","---","---","1","0","---","---","---","---","---"
Axiom_GW_EUR.na35.annot.csv:"rs41427749_r","Affx-34462265","---","2","MT","8615","8615","+","0","---","CGCCGCAGTACTGATCATTCTATTTCCCCCTCTAT[G/T]GATCCCCACCTCCAAATATCTCATCAACAACCGAC","T","G","T","G","---","---","D1S2077E // downstream // 925 /// D5S1608E // upstream // 6197","---","---","---","---","---","1","0","---","---","---","---","---"
Axiom_GW_EUR.na35.annot.csv:"rs41502750_r","Affx-34462338","rs41502750","2","MT","9716","9716","+","0","---","ATAATTCAAGCACTGCTTATTACAATTTTACTGGG[C/T]CTCTATTTTACCCTCCTACAAGCCTCAGAGTACTT","T","C","T","C","---","---","D1S2077E // downstream // 2026 /// D5S1608E // upstream // 5096","---","---","---","---","same","1","0","---","---","---","---","---"
Axiom_GW_EUR.na35.annot.csv:"rs41504845_r","Affx-34461840","---","2","MT","15832","15832","+","0","---","GGACAAGTAGCATCCGTACTATACTTCACAACAAT[C/T]CTAATCCTAATACCAACTATCTCCCTAATTGAAAA","T","C","C","T","---","---","D1S2076E // downstream // 134","---","---","---","---","---","1","0","---","---","---","---","---"
Axiom_GW_EUR.na35.annot.csv:"rs41509754_r","Affx-34461762","---","2","MT","13964","13964","+","0","---","CATCACACACCGCACAATCCCCTATCTAGGCCTTC[C/T]TACGAGCCAAAACCTGCCCCTACTCCTCCTAGACC","T","C","T","C","---","---","D1S2077E // downstream // 6274 /// D5S1608E // upstream // 848","---","---","---","---","---","1","0","---","---","---","---","---"
Axiom_GW_EUR.na35.annot.csv:"rs41524046_r","Affx-34462022","---","2","MT","3914","3914","+","0","---","AGAGACCAACCGAACCCCCTTCGACCTTGCCGAAG[A/G]GGAGTCCGAACTAGTCTCAGGCTTCAACATCGAAT","A","G","G","A","---","---","D17S1473E // downstream // 174 /// D17S1653E // upstream // 3409","---","---","---","---","---","1","0","---","---","---","---","---"
Axiom_GW_EUR.na35.annot.csv:"rs41535848_r","Affx-52321495","---","2","MT","13965","13965","+","0","---","ATCACACACCGCACAATCCCCTATCTAGGCCTTCT[A/G]ACGAGCCAAAACCTGCCCCTACTCCTCCTAGACCT","A","G",".","A/G","---","---","D1S2077E // downstream // 6275 /// D5S1608E // upstream // 847","---","---","---","---","---","1","0","---","---","---","---","---"
