Axiom_GW_EAS.na35.annot.csv:"AX-11359144","Affx-34461788","rs2001030","2","MT","1438","1438","+","0","---","AACTTAAGGGTCGAAGGTGGATTTAGCAGTAAACT[A/G]AGAGTAGAGTGCTTAGTTGAACAGGGCCCTGAAGC","A","G","A","G","---","---","D3S2893E // upstream // 625","---","---","---","YES","same","1","0","---","---","---","---","---"
Axiom_GW_EAS.na35.annot.csv:"AX-11360020","Affx-34462190","rs2015062","2","MT","7028","7028","+","0","---","GACATCGTACTACACGACACGTACTACGTTGTAGC[C/T]CACTTCCACTATGTCCTATCAATAGGAGCTGTATT","T","C","C","T","---","---","D17S1473E // downstream // 3288 /// D17S1653E // upstream // 295","---","---","---","YES","same","1","0","---","---","---","---","---"
Axiom_GW_EAS.na35.annot.csv:"AX-11383154","Affx-34462301","rs2298009","2","MT","9120","9120","+","0","---","CCCTCTACACTTATCATCTTCACAATTCTAATTCT[A/G]CTGACTATCCTAGAAATCGCTGTCGCCTTAATCCA","A","G","A","G","---","---","D1S2077E // downstream // 1430 /// D5S1608E // upstream // 5692","---","---","---","---","same","1","0","---","---","---","---","---"
Axiom_GW_EAS.na35.annot.csv:"AX-11383155","Affx-34462305","rs2298011","2","MT","9180","9180","+","0","---","GCCTTAATCCAAGCCTACGTTTTCACACTTCTAGT[A/G]AGCCTCTACCTGCACGACAACACATAATGACCCAC","A","G","A","G","---","---","D1S2077E // downstream // 1490 /// D5S1608E // upstream // 5632","---","---","---","---","same","1","0","---","---","---","---","---"
Axiom_GW_EAS.na35.annot.csv:"AX-11414494","Affx-34461833","---","2","MT","15606","15606","+","0","---","ATTCGCCTACACAATTCTCCGATCCGTCCCTAACA[A/G]ACTAGGAGGCGTCCTTGCCCTATTACTATCCATCC","A","G","A","G","---","---","D5F1781E // downstream // 415 /// D1S2076E // upstream // 92","---","---","---","---","---","1","0","---","---","---","---","---"
Axiom_GW_EAS.na35.annot.csv:"AX-11414495","Affx-34461834","rs28357373","2","MT","15629","15629","+","0","---","CCGTCCCTAACAAACTAGGAGGCGTCCTTGCCCTA[C/T]TACTATCCATCCTCATCCTAGCAATAATCCCCATC","T","C","T","C","---","---","D5F1781E // downstream // 438 /// D1S2076E // upstream // 69","---","---","---","YES","same","1","0","---","---","---","---","---"
Axiom_GW_EAS.na35.annot.csv:"AX-11414502","Affx-34461783","---","2","MT","14307","14307","+","0","---","CAACCCTGACCCCTCTCCTTCATAAATTATTCAGC[C/T]TCCTACACTATTAAAGTTTACCACAACCACCACCC","T","C","T","C","---","---","D1S2077E // downstream // 6617 /// D5S1608E // upstream // 505","---","---","---","---","---","1","0","---","---","---","---","---"
Axiom_GW_EAS.na35.annot.csv:"AX-11414503","Affx-52321506","---","2","MT","14317","14317","+","0","---","CCCTCTCCTTCATAAATTATTCAGCTTCCTACACT[C/T]TTAAAGTTTACCACAACCACCACCCCATCATACTC","T","C",".","C/T","---","---","D1S2077E // downstream // 6627 /// D5S1608E // upstream // 495","---","---","---","---","---","1","0","---","---","---","---","---"
Axiom_GW_EAS.na35.annot.csv:"AX-11414507","Affx-34461806","---","2","MT","14905","14905","+","0","---","ATCCTCCAAATCACCACAGGACTATTCCTAGCCAT[A/G]CACTACTCACCAGACGCCTCAACCGCCTTTTCATC","A","G","G","A","---","---","D1S2077E // downstream // 7215 /// D5F1781E // upstream // 286 /// D5S1608E // within // 0","---","---","---","---","---","1","0","---","---","---","---","---"
Axiom_GW_EAS.na35.annot.csv:"AX-11414509","Affx-34461812","---","2","MT","15042","15042","+","0","---","CTCAATATTCTTTATCTGCCTCTTCCTACACATCG[A/G]GCGAGGCCTATATTACGGATCATTTCTCTACTCAG","A","G","G","A","---","---","D5S1608E // downstream // 230 /// D5F1781E // upstream // 149","---","---","---","---","---","1","0","---","---","---","---","---"
Axiom_GW_EAS.na35.annot.csv:"AX-11414513","Affx-34462083","rs200763872","2","MT","4883","4883","+","0","---","GGCCTGCTTCTTCTCACATGACAAAAACTAGCCCC[C/T]ATCTCAATCATATACCAAATCTCTCCCTCACTAAA","T","C","C","T","---","---","D17S1473E // downstream // 1143 /// D17S1653E // upstream // 2440","---","---","---","---","reverse","1","0","---","---","---","---","---"
Axiom_GW_EAS.na35.annot.csv:"AX-11414514","Affx-34462088","rs28357981","2","MT","4977","4977","+","0","---","CAATCTTATCCATCATAGCAGGCAGTTGAGGTGGA[C/T]TAAACCAAACCCAGCTACGCAAAATCTTAGCATAC","T","C","T","C","---","---","D17S1473E // downstream // 1237 /// D17S1653E // upstream // 2346","---","---","---","YES","same","1","0","---","---","---","---","---"
Axiom_GW_EAS.na35.annot.csv:"AX-11414519","Affx-34462328","---","2","MT","9553","9553","+","0","---","CAGCCTAGCCCCTACCCCCCAATTAGGAGGGCACT[A/G]GCCCCCAACAGGCATCACCCCGCTAAATCCCCTAG","A","G","G","A","---","---","D1S2077E // downstream // 1863 /// D5S1608E // upstream // 5259","---","---","---","---","---","1","0","---","---","---","---","---"
Axiom_GW_EAS.na35.annot.csv:"AX-11414521","Affx-34461577","rs397515504","2","MT","10237","10237","+","0","---","CGTCCCTTTCTCCATAAAATTCTTCTTAGTAGCTA[C/T]TACCTTCTTATTATTTGATCTAGAAATTGCCCTCC","T","C","T","C","---","---","D1S2077E // downstream // 2547 /// D5S1608E // upstream // 4575","---","---","---","---","same","1","0","---","---","---","---","---"
Axiom_GW_EAS.na35.annot.csv:"AX-11414523","Affx-34461586","---","2","MT","10399","10399","+","0","---","GGCCTATGAGTGACTACAAAAAGGATTAGACTGAA[C/T]CGAATTGGTATATAGTTTAAACAAAACGAATGATT","T","C","C","T","---","---","D1S2077E // downstream // 2709 /// D5S1608E // upstream // 4413","---","---","---","---","---","1","0","---","---","---","---","---"
Axiom_GW_EAS.na35.annot.csv:"AX-11414524","Affx-34461595","rs28358281","2","MT","10586","10586","+","0","---","TCCTCCCTACTATGCCTAGAAGGAATAATACTATC[A/G]CTGTTCATTATAGCTACTCTCATAACCCTCAACAC","A","G","G","A","---","---","D1S2077E // downstream // 2896 /// D5S1608E // upstream // 4226","---","---","---","YES","same","1","0","---","---","---","---","---"
Axiom_GW_EAS.na35.annot.csv:"AX-11414525","Affx-34461607","---","2","MT","10809","10809","+","0","---","CGTCCCAACAATTATATTACTACCACTGACATGAC[C/T]TTCCAAAAAACACATAATTTGAATCAACACAACCA","T","C","T","C","---","---","D1S2077E // downstream // 3119 /// D5S1608E // upstream // 4003","---","---","---","---","---","1","0","---","---","---","---","---"
Axiom_GW_EAS.na35.annot.csv:"AX-11414533","Affx-52321580","---","2","MT","1734","1734","+","0","---","CTTACTACCAGACAACCTTAGCCAAACCATTTACC[A/G]AAATAAAGTATAGGCGATAGAAATTGAAACCTGGC","A","G",".","A/G","---","---","D3S2893E // upstream // 329","---","---","---","---","---","1","0","---","---","---","---","---"
Axiom_GW_EAS.na35.annot.csv:"AX-11414536","Affx-34461942","rs28358580","2","MT","2416","2416","+","0","---","AATATCTACAATCAACCAACAAGTCATTATTACCC[C/T]CACTGTCAACCCAACACAGGCATGCTCATAAGGAA","T","C","T","C","---","---","D3S2893E // downstream // 353 /// D11S4926E // upstream // 297","---","---","---","YES","same","1","0","---","---","---","---","---"
Axiom_GW_EAS.na35.annot.csv:"AX-11414540","Affx-34462000","---","2","MT","3479","3479","+","0","---","ACAACCCTTCGCTGACGCCATAAAACTCTTCACCA[A/G]AGAGCCCCTAAAACCCGCCACATCTACCATCACCC","A","G","A","G","---","---","D11S4926E // downstream // 766 /// D17S1473E // upstream // 261","---","---","---","---","---","1","0","---","---","---","---","---"
Axiom_GW_EAS.na35.annot.csv:"AX-11414541","Affx-34462005","rs28358586","2","MT","3547","3547","+","0","---","CCCTCTACATCACCGCCCCGACCTTAGCTCTCACC[A/G]TCGCTCTTCTACTATGAACCCCCCTCCCCATACCC","A","G","A","G","---","---","D11S4926E // downstream // 834 /// D17S1473E // upstream // 193","---","---","---","YES","same","1","0","---","---","---","---","---"
Axiom_GW_EAS.na35.annot.csv:"AX-11414547","Affx-34462236","---","2","MT","7867","7867","+","0","---","ATCCTTTACATAACAGACGAGGTCAACGATCCCTC[C/T]CTTACCATCAAATCAATTGGCCACCAATGGTACTG","T","C","C","T","---","---","D1S2077E // downstream // 177 /// D5S1608E // upstream // 6945","---","---","---","---","---","1","0","---","---","---","---","---"
Axiom_GW_EAS.na35.annot.csv:"AX-11414549","Affx-52321677","---","2","MT","8413","8413","+","0","---","AATACTACCGTATGGCCCACCATAATTACCCCCAT[C/T]CTCCTTACACTATTCCTCATCACCCAACTAAAAAT","T","C",".","C/T","---","---","D1S2077E // downstream // 723 /// D5S1608E // upstream // 6399","---","---","---","---","---","1","0","---","---","---","---","---"
Axiom_GW_EAS.na35.annot.csv:"AX-11414554","Affx-52321451","---","2","MT","11968","11968","+","0","---","ACTCTCCTACTTACAGGACTCAACATACTAGTCAC[A/G]GCCCTATACTCCCTCTACATATTTACCACAACACA","A","G","A","G","---","---","D1S2077E // downstream // 4278 /// D5S1608E // upstream // 2844","---","---","---","---","---","1","0","---","---","---","---","---"
Axiom_GW_EAS.na35.annot.csv:"AX-11414557","Affx-34461691","rs28359172","2","MT","12612","12612","+","0","---","AAACTAGACTACTTCTCCATAATATTCATCCCTGT[A/G]GCATTGTTCGTTACATGGTCCATCATAGAATTCTC","A","G","A","G","---","---","D1S2077E // downstream // 4922 /// D5S1608E // upstream // 2200","---","---","---","YES","same","1","0","---","---","---","---","---"
Axiom_GW_EAS.na35.annot.csv:"AX-11414559","Affx-34461717","---","2","MT","13262","13262","+","0","---","CATCAAAAAAATCGTAGCCTTCTCCACTTCAAGTC[A/G]ACTAGGACTCATAATAGTTACAATCGGCATCAACC","A","G","A","G","---","---","D1S2077E // downstream // 5572 /// D5S1608E // upstream // 1550","---","---","---","---","---","1","0","---","---","---","---","---"
Axiom_GW_EAS.na35.annot.csv:"AX-11414561","Affx-34461738","rs28359177","2","MT","13590","13590","+","0","---","TGAGCCCTATCTATTACTCTCATCGCTACCTCCCT[A/G]ACAAGCGCCTATAGCACTCGAATAATTCTTCTCAC","A","G","G","A","---","---","D1S2077E // downstream // 5900 /// D5S1608E // upstream // 1222","---","---","---","YES","same","1","0","---","---","---","---","---"
Axiom_GW_EAS.na35.annot.csv:"AX-11414562","Affx-34461745","rs28359178","2","MT","13708","13708","+","0","---","ATAACCCCACCCTACTAAACCCCATTAAACGCCTG[A/G]CAGCCGGAAGCCTATTCGCAGGATTTCTCATTACT","A","G","G","A","---","---","D1S2077E // downstream // 6018 /// D5S1608E // upstream // 1104","---","---","---","YES","same","1","0","---","---","---","---","---"
Axiom_GW_EAS.na35.annot.csv:"AX-11414565","Affx-52321488","---","2","MT","13885","13885","+","0","---","ACTACCTAACCAACAAACTTAAAATAAAATCCCCA[C/T]TATGCACATTTTATTTCTCCAACATACTCGGATTC","T","C","C","T","---","---","D1S2077E // downstream // 6195 /// D5S1608E // upstream // 927","---","---","---","---","---","1","0","---","---","---","---","---"
Axiom_GW_EAS.na35.annot.csv:"AX-11415617","Affx-34462319","---","2","MT","9376","9376","+","0","---","AGGCCTACTAACCAACACACTAACCATATACCAAT[A/G]ATGGCGCGATGTAACACGAGAAAGCACATACCAAG","A","G","G","A","---","---","D1S2077E // downstream // 1686 /// D5S1608E // upstream // 5436","---","---","---","---","---","1","0","---","---","---","---","---"
Axiom_GW_EAS.na35.annot.csv:"AX-11416440","Affx-34462170","---","2","MT","6613","6613","+","0","---","AGGAGACCCCATTCTATACCAACACCTATTCTGAT[G/T]TTTCGGTCACCCTGAAGTTTATATTCTTATCCTAC","T","G","T","G","---","---","D17S1473E // downstream // 2873 /// D17S1653E // upstream // 710","---","---","---","---","---","1","0","---","---","---","---","---"
Axiom_GW_EAS.na35.annot.csv:"AX-11416465","Affx-34462342","---","2","MT","9823","9823","+","0","---","CTCAACATTTTTTGTAGCCACAGGCTTCCACGGAC[C/T]TCACGTCATTATTGGCTCAACTTTCCTCACTATCT","T","C","T","C","---","---","D1S2077E // downstream // 2133 /// D5S1608E // upstream // 4989","---","---","---","---","---","1","0","---","---","---","---","---"
Axiom_GW_EAS.na35.annot.csv:"AX-11416484","Affx-34462031","---","2","MT","4071","4071","+","0","---","GGAACAACATATGACGCACTCTCCCCTGAACTCTA[C/T]ACAACATATTTTGTCACCAAGACCCTACTTCTAAC","T","C","C","T","---","---","D17S1473E // downstream // 331 /// D17S1653E // upstream // 3252","---","---","---","---","---","1","0","---","---","---","---","---"
Axiom_GW_EAS.na35.annot.csv:"AX-11417406","Affx-34462109","rs28456039","2","MT","5319","5319","+","0","---","AAAACAATAGCCTCATCATCCCCACCATCATAGCC[A/G]CCATCACCCTCCTTAACCTCTACTTCTACCTACGC","A","G","A","G","---","---","D17S1473E // downstream // 1579 /// D17S1653E // upstream // 2004","---","---","---","---","same","1","0","---","---","---","---","---"
Axiom_GW_EAS.na35.annot.csv:"AX-11418268","Affx-34462263","---","2","MT","8571","8571","+","0","---","AATCTGTTCGCTTCATTCATTGCCCCCACAATCCT[A/G]GGCCTACCCGCCGCAGTACTGATCATTCTATTTCC","A","G","A","G","---","---","D1S2077E // downstream // 881 /// D5S1608E // upstream // 6241","---","---","---","---","---","1","0","---","---","---","---","---"
Axiom_GW_EAS.na35.annot.csv:"AX-11418909","Affx-34461617","---","2","MT","11175","11175","+","0","---","CCCCACCTTGGCTATCATCACCCGATGAGGCAACC[A/G]GCCAGAACGCCTGAACGCAGGCACATACTTCCTAT","A","G","A","G","---","---","D1S2077E // downstream // 3485 /// D5S1608E // upstream // 3637","---","---","---","---","---","1","0","---","---","---","---","---"
Axiom_GW_EAS.na35.annot.csv:"AX-11418913","Affx-34461643","---","2","MT","11718","11718","+","0","---","CTTCACCGGCGCAGTCATTCTCATAATCGCCCACG[A/G]GCTTACATCCTCATTACTATTCTGCCTAGCAAACT","A","G","G","A","---","---","D1S2077E // downstream // 4028 /// D5S1608E // upstream // 3094","---","---","---","---","---","1","0","---","---","---","---","---"
Axiom_GW_EAS.na35.annot.csv:"AX-11418915","Affx-34461661","---","2","MT","12006","12006","+","0","---","CCTATACTCCCTCTACATATTTACCACAACACAAT[A/G]GGGCTCACTCACCCACCACATTAACAACATAAAAC","A","G","G","A","---","---","D1S2077E // downstream // 4316 /// D5S1608E // upstream // 2806","---","---","---","---","---","1","0","---","---","---","---","---"
Axiom_GW_EAS.na35.annot.csv:"AX-11418917","Affx-34461680","rs2853499","2","MT","12372","12372","+","0","---","ATAACCATGCACACTACTATAACCACCCTAACCCT[A/G]ACTTCCCTAATTCCCCCCATCCTTACCACCCTCGT","A","G","G","A","---","---","D1S2077E // downstream // 4682 /// D5S1608E // upstream // 2440","---","---","---","YES","same","1","0","---","---","---","---","---"
Axiom_GW_EAS.na35.annot.csv:"AX-11418920","Affx-34461719","rs2853502","2","MT","13276","13276","+","0","---","TAGCCTTCTCCACTTCAAGTCAACTAGGACTCATA[A/G]TAGTTACAATCGGCATCAACCAACCACACCTAGCA","A","G","A","G","---","---","D1S2077E // downstream // 5586 /// D5S1608E // upstream // 1536","---","---","---","YES","same","1","0","---","---","---","---","---"
Axiom_GW_EAS.na35.annot.csv:"AX-11418924","Affx-34461862","rs2853512","2","MT","16153","16153","+","0","---","GAATATTGTACGGTACCATAAATACTTGACCACCT[A/G]TAGTACATAAAAACCCAATCCACATCAAAACCCCC","A","G","G","A","---","---","D1S2076E // downstream // 455","---","---","---","---","same","1","0","---","---","---","---","---"
Axiom_GW_EAS.na35.annot.csv:"AX-11418926","Affx-34461874","---","2","MT","16221","16221","+","0","---","CCCTCCCCATGCTTACAAGCAAGTACAGCAATCAA[C/T]CCTCAACTATCACACATCAACTGCAACTCCAAAGC","T","C","C","T","---","---","D1S2076E // downstream // 523","---","---","---","---","---","1","0","---","---","---","---","---"
Axiom_GW_EAS.na35.annot.csv:"AX-11418928","Affx-34461957","rs2853515","2","MT","263","263","+","0","---","GGACATAATAATAACAATTGAATGTCTGCACAGCC[A/G]CTTTCCACACAGACATCATAACAAAAAATTTCCAC","A","G","A","G","---","---","D3S2893E // upstream // 1800","---","---","---","---","same","1","0","---","---","---","---","---"
Axiom_GW_EAS.na35.annot.csv:"AX-11419077","Affx-34461698","---","2","MT","12704","12704","+","0","---","CCCAAACATTAATCAGTTCTTCAAATATCTACTCA[C/T]CTTCCTAATTACCATACTAATCTTAGTTACCGCTA","T","C","T","C","---","---","D1S2077E // downstream // 5014 /// D5S1608E // upstream // 2108","---","---","---","---","---","1","0","---","---","---","---","---"
Axiom_GW_EAS.na35.annot.csv:"AX-11419080","Affx-34461904","---","2","MT","1778","1778","+","0","---","TATAGGCGATAGAAATTGAAACCTGGCGCAATAGA[C/T]ATAGTACCGCAAGGGAAAGATGAAAAATTATAACC","T","C","T","C","---","---","D3S2893E // upstream // 285","---","---","---","---","---","1","0","---","---","---","---","---"
Axiom_GW_EAS.na35.annot.csv:"AX-11419081","Affx-34461959","rs2854128","2","MT","2706","2706","+","0","---","CAGTGAAATTGACCTGCCCGTGAAGAGGCGGGCAT[A/G]ACACAGCAAGACGAGAAGACCCTATGGAGCTTTAA","A","G","A","G","---","---","D3S2893E // downstream // 643 /// D11S4926E // upstream // 7","---","---","---","YES","same","1","0","---","---","---","---","---"
Axiom_GW_EAS.na35.annot.csv:"AX-11419082","Affx-34461969","rs2854129","2","MT","2857","2857","+","0","---","CTCGGAGCAGAACCCAACCTCCGAGCAGTACATGC[C/T]AAGACTTCACCAGTCAAAGCGAACTACTATACTCA","T","C","T","C","---","---","D3S2893E // downstream // 794 /// D17S1473E // upstream // 883 /// D11S4926E // within // 0","---","---","---","YES","same","1","0","---","---","---","---","---"
Axiom_GW_EAS.na35.annot.csv:"AX-11419468","Affx-34461852","---","2","MT","15953","15953","+","0","---","TTGTAAACCGGAGATGAAAACCTTTTTCCAAGGAC[A/G]AATCAGAGAAAAAGTCTTTAACTCCACCATTAGCA","A","G","A","G","---","---","D1S2076E // downstream // 255","---","---","---","---","---","1","0","---","---","---","---","---"
Axiom_GW_EAS.na35.annot.csv:"AX-11420429","Affx-34461718","---","2","MT","13268","13268","+","0","---","AAAAATCGTAGCCTTCTCCACTTCAAGTCAACTAG[A/G]ACTCATAATAGTTACAATCGGCATCAACCAACCAC","A","G","G","A","---","---","D1S2077E // downstream // 5578 /// D5S1608E // upstream // 1544","---","---","---","---","---","1","0","---","---","---","---","---"
Axiom_GW_EAS.na35.annot.csv:"AX-11420699","Affx-34461842","---","2","MT","15883","15883","+","0","---","ACTATCTCCCTAATTGAAAACAAAATACTCAAATG[A/G]GCCTGTCCTTGTAGTATAAACTAATACACCAGTCT","A","G","G","A","---","---","D1S2076E // downstream // 185","---","---","---","---","---","1","0","---","---","---","---","---"
Axiom_GW_EAS.na35.annot.csv:"AX-11421064","Affx-34461878","---","2","MT","1623","1623","+","0","---","GCACTTGGACGAACCAGAGTGTAGCTTAACACAAA[A/G]CACCCAACTTACACTTAGGAGATTTCAACTTAACT","A","G","G","A","---","---","D3S2893E // upstream // 440","---","---","---","---","---","1","0","---","---","---","---","---"
Axiom_GW_EAS.na35.annot.csv:"AX-11422048","Affx-34462292","rs28681063","2","MT","9025","9025","+","0","---","CCCTGGCCGTACGCCTAACCGCTAACATTACTGCA[A/G]GCCACCTACTCATGCACCTAATTGGAAGCGCCACC","A","G","G","A","---","---","D1S2077E // downstream // 1335 /// D5S1608E // upstream // 5787","---","---","---","---","same","1","0","---","---","---","---","---"
Axiom_GW_EAS.na35.annot.csv:"AX-11422856","Affx-34462161","rs28721398","2","MT","6481","6481","+","0","---","GCCCCTCTTCGTCTGATCCGTCCTAATCACAGCAG[C/T]CCTACTTCTCCTATCTCTCCCAGTCCTAGCTGCTG","T","C","T","C","---","---","D17S1473E // downstream // 2741 /// D17S1653E // upstream // 842","---","---","---","YES","same","1","0","---","---","---","---","---"
Axiom_GW_EAS.na35.annot.csv:"AX-11433103","Affx-52321545","---","2","MT","15661","15661","+","0","---","CTATTACTATCCATCCTCATCCTAGCAATAATCCC[A/G]ATCCTCCATATATCCAAACAACAAAGCATAATATT","A","G",".","A/G","---","---","D5F1781E // downstream // 470 /// D1S2076E // upstream // 37","---","---","---","---","---","1","0","---","---","---","---","---"
Axiom_GW_EAS.na35.annot.csv:"AX-11433104","Affx-52321559","---","2","MT","15926","15926","+","0","---","CTTGTAGTATAAACTAATACACCAGTCTTGTAAAC[A/G]GGAGATGAAAACCTTTTTCCAAGGACAAATCAGAG","A","G",".","A/G","---","---","D1S2076E // downstream // 228","---","---","---","---","---","1","0","---","---","---","---","---"
Axiom_GW_EAS.na35.annot.csv:"AX-11433105","Affx-34462276","---","2","MT","8783","8783","+","0","---","CTTAATCATTTTTATTGCCACAACTAACCTCCTCG[A/G]ACTCCTGCCTCACTCATTTACACCAACCACCCAAC","A","G","G","A","---","---","D1S2077E // downstream // 1093 /// D5S1608E // upstream // 6029","---","---","---","---","---","1","0","---","---","---","---","---"
Axiom_GW_EAS.na35.annot.csv:"AX-11435894","Affx-34461668","rs3134560","2","MT","12192","12192","+","0","---","AACATCAGATTGTGAATCTGACAACAGAGGCTTAC[A/G]ACCCCTTATTTACCGAGAAAGCTCACAAGAACTGC","A","G","G","A","---","---","D1S2077E // downstream // 4502 /// D5S1608E // upstream // 2620","---","---","---","---","same","1","0","---","---","---","---","---"
Axiom_GW_EAS.na35.annot.csv:"AX-11435895","Affx-34461678","rs3134561","2","MT","12361","12361","+","0","---","AAATAAAAGTAATAACCATGCACACTACTATAACC[A/G]CCCTAACCCTGACTTCCCTAATTCCCCCCATCCTT","A","G","A","G","---","---","D1S2077E // downstream // 4671 /// D5S1608E // upstream // 2451","---","---","---","YES","same","1","0","---","---","---","---","---"
Axiom_GW_EAS.na35.annot.csv:"AX-11435909","Affx-34461820","rs3134742","2","MT","15223","15223","+","0","---","AACTTACTATCCGCCATCCCATACATTGGGACAGA[C/T]CTAGTTCAATGAATCTGAGGAGGCTACTCAGTAGA","T","C","C","T","---","---","D5S1608E // downstream // 411 /// D1S2076E // upstream // 475 /// D5F1781E // within // 0","---","---","---","YES","same","1","0","---","---","---","---","---"
Axiom_GW_EAS.na35.annot.csv:"AX-11435925","Affx-34462350","---","2","MT","9949","9949","+","0","---","AGCCGCCGCCTGATACTGGCATTTTGTAGATGTGG[C/T]TTGACTATTTCTGTATGTCTCCATCTATTGATGAG","T","C","T","C","---","---","D1S2077E // downstream // 2259 /// D5S1608E // upstream // 4863","---","---","---","---","---","1","0","---","---","---","---","---"
Axiom_GW_EAS.na35.annot.csv:"AX-11464212","Affx-34461886","---","2","MT","16323","16323","+","0","---","TACCCACCCTTAACAGTACATAGTACATAAAGCCA[C/T]TTACCGTACATAGCACATTACAGTCAAATCCCTTC","T","C","T","C","---","---","D1S2076E // downstream // 625","---","---","---","---","---","1","0","---","---","---","---","---"
Axiom_GW_EAS.na35.annot.csv:"AX-11486672","Affx-34461725","rs3899498","2","MT","13368","13368","+","0","---","GCCTTCTTCAAAGCCATACTATTTATGTGCTCCGG[A/G]TCCATCATCCACAACCTTAACAATGAACAAGATAT","A","G","G","A","---","---","D1S2077E // downstream // 5678 /// D5S1608E // upstream // 1444","---","---","---","YES","same","1","0","---","---","---","---","---"
Axiom_GW_EAS.na35.annot.csv:"AX-11486783","Affx-34462115","---","2","MT","5464","5464","+","0","---","AAAACCCACCCCATTCCTCCCCACACTCATCGCCC[C/T]TACCACGCTACTCCTACCTATCTCCCCTTTTATAC","T","C","T","C","---","---","D17S1473E // downstream // 1724 /// D17S1653E // upstream // 1859","---","---","---","---","---","1","0","---","---","---","---","---"
Axiom_GW_EAS.na35.annot.csv:"AX-11486785","Affx-34462343","---","2","MT","9832","9832","+","0","---","TTTTGTAGCCACAGGCTTCCACGGACTTCACGTCA[C/T]TATTGGCTCAACTTTCCTCACTATCTGCTTCATCC","T","C","T","C","---","---","D1S2077E // downstream // 2142 /// D5S1608E // upstream // 4980","---","---","---","---","---","1","0","---","---","---","---","---"
Axiom_GW_EAS.na35.annot.csv:"AX-11487442","Affx-34461623","rs3915952","2","MT","11251","11251","+","0","---","ACCCTAGTAGGCTCCCTTCCCCTACTCATCGCACT[A/G]ATTTACACTCACAACACCCTAGGCTCACTAAACAT","A","G","A","G","---","---","D1S2077E // downstream // 3561 /// D5S1608E // upstream // 3561","---","---","---","YES","same","1","0","---","---","---","---","---"
Axiom_GW_EAS.na35.annot.csv:"AX-11487973","Affx-34461694","---","2","MT","12632","12632","+","0","---","AATATTCATCCCTGTAGCATTGTTCGTTACATGGT[A/C]CATCATAGAATTCTCACTGTGATATATAAACTCAG","A","C","C","A","---","---","D1S2077E // downstream // 4942 /// D5S1608E // upstream // 2180","---","---","---","---","---","1","0","---","---","---","---","---"
Axiom_GW_EAS.na35.annot.csv:"AX-11488015","Affx-34461976","rs3928306","2","MT","3010","3010","+","0","---","GGGTTTACGACCTCGATGTTGGATCAGGACATCCC[A/G]ATGGTGCAGCCGCTATTAAAGGTTCGTTTGTTCAA","A","G","G","A","---","---","D11S4926E // downstream // 297 /// D17S1473E // upstream // 730","---","---","---","YES","same","1","0","---","---","---","---","---"
Axiom_GW_EAS.na35.annot.csv:"AX-11488366","Affx-34462171","rs56489998","2","MT","663","663","+","0","---","CTCACATCACCCCATAAACAAATAGGTTTGGTCCT[A/G]GCCTTTCTATTAGCTCTTAGTAAGATTACACATGC","A","G","A","G","---","---","D3S2893E // upstream // 1400","---","---","---","---","reverse","1","0","---","---","---","---","---"
Axiom_GW_EAS.na35.annot.csv:"AX-11494899","Affx-34461837","---","2","MT","15758","15758","+","0","---","GACTCCTAGCCGCAGACCTCCTCATTCTAACCTGA[A/G]TCGGAGGACAACCAGTAAGCTACCCTTTTACCATC","A","G","A","G","---","---","D5F1781E // downstream // 567 /// D1S2076E // within // 0","---","---","---","---","---","1","0","---","---","---","---","---"
Axiom_GW_EAS.na35.annot.csv:"AX-11496637","Affx-34462298","---","2","MT","9089","9089","+","0","---","CGCCACCCTAGCAATATCAACCATTAACCTTCCCT[C/T]TACACTTATCATCTTCACAATTCTAATTCTACTGA","T","C","C","T","---","---","D1S2077E // downstream // 1399 /// D5S1608E // upstream // 5723","---","---","---","---","---","1","0","---","---","---","---","---"
Axiom_GW_EAS.na35.annot.csv:"AX-11496648","Affx-34462022","---","2","MT","3914","3914","+","0","---","AGAGACCAACCGAACCCCCTTCGACCTTGCCGAAG[A/G]GGAGTCCGAACTAGTCTCAGGCTTCAACATCGAAT","A","G","G","A","---","---","D17S1473E // downstream // 174 /// D17S1653E // upstream // 3409","---","---","---","---","---","1","0","---","---","---","---","---"
Axiom_GW_EAS.na35.annot.csv:"rs28357681_r","Affx-52321515","---","2","MT","14797","14797","+","0","---","AAAACTAACCCCCTAATAAAATTAATTAACCACTC[C/T]TTCATCGACCTCCCCACCCCATCCAACATCTCCGC","T","C",".","C/T","---","---","D1S2077E // downstream // 7107 /// D5S1608E // upstream // 15","---","---","---","---","---","1","0","---","---","---","---","---"
Axiom_GW_EAS.na35.annot.csv:"rs28379170_r","Affx-34461727","rs28379170","2","MT","13401","13401","+","0","---","GGGTCCATCATCCACAACCTTAACAATGAACAAGA[C/T]ATTCGAAAAATAGGAGGACTACTCAAAACCATACC","T","C","T","C","---","---","D1S2077E // downstream // 5711 /// D5S1608E // upstream // 1411","---","---","---","---","same","1","0","---","---","---","---","---"
