Axiom_GW_LAT.na35.annot.csv:"b36_MT_1050_f","Affx-52321441","---","2","MT","1046","1046","+","0","---","CAAAATAGACTACGAAAGTGGCTTTAACATATCTG[C/T]ACACACAATAGCTAAGACCCAAACTGGGATTAGAT","T","C",".","C/T","---","---","D3S2893E // upstream // 1017","---","---","---","---","---","1","0","---","---","---","---","---"
Axiom_GW_LAT.na35.annot.csv:"b36_MT_10551_r","Affx-34461593","rs28358280","2","MT","10550","10550","+","0","---","CTTCTAGGAATACTAGTATATCGCTCACACCTCAT[A/G]TCCTCCCTACTATGCCTAGAAGGAATAATACTATC","A","G","A","G","---","---","D1S2077E // downstream // 2860 /// D5S1608E // upstream // 4262","---","---","---","YES","same","1","0","---","---","---","---","---"
Axiom_GW_LAT.na35.annot.csv:"b36_MT_10590_f","Affx-79381692","rs2853487","2","MT","10589","10589","+","0","---","TCCCTACTATGCCTAGAAGGAATAATACTATCGCT[A/G]TTCATTATAGCTACTCTCATAACCCTCAACACCCA","A","G","G","A","---","---","D1S2077E // downstream // 2899 /// D5S1608E // upstream // 4223","---","---","---","YES","same","1","0","---","---","---","---","---"
Axiom_GW_LAT.na35.annot.csv:"b36_MT_11675_r","Affx-34461640","---","2","MT","11673","11673","+","0","---","CATAGCCCTCGTAGTAACAGCCATTCTCATCCAAA[C/T]CCCCTGAAGCTTCACCGGCGCAGTCATTCTCATAA","T","C","C","T","---","---","D1S2077E // downstream // 3983 /// D5S1608E // upstream // 3139","---","---","---","---","---","1","0","---","---","---","---","---"
Axiom_GW_LAT.na35.annot.csv:"b36_MT_11813_r","Affx-34461648","rs3088053","2","MT","11812","11812","+","0","---","CGCATCATAATCCTCTCTCAAGGACTTCAAACTCT[A/G]CTCCCACTAATAGCTTTTTGATGACTTCTAGCAAG","A","G","A","G","---","---","D1S2077E // downstream // 4122 /// D5S1608E // upstream // 3000","---","---","---","YES","reverse","1","0","---","---","---","---","---"
Axiom_GW_LAT.na35.annot.csv:"b36_MT_11915_f","Affx-34461653","rs2853496","2","MT","11914","11914","+","0","---","AACCTACTGGGAGAACTCTCTGTGCTAGTAACCAC[A/G]TTCTCCTGATCAAATATCACTCTCCTACTTACAGG","A","G","G","A","---","---","D1S2077E // downstream // 4224 /// D5S1608E // upstream // 2898","---","---","---","YES","same","1","0","---","---","---","---","---"
Axiom_GW_LAT.na35.annot.csv:"b36_MT_13106_f","Affx-52321475","---","2","MT","13104","13104","+","0","---","GCCCTACTCCACTCAAGCACTATAGTTGTAGCAGG[A/G]ATCTTCTTACTCATCCGCTTCCACCCCCTAGCAGA","A","G","A","G","---","---","D1S2077E // downstream // 5414 /// D5S1608E // upstream // 1708","---","---","---","---","---","1","0","---","---","---","---","---"
Axiom_GW_LAT.na35.annot.csv:"b36_MT_15205_f","Affx-52321528","---","2","MT","15203","15203","+","0","---","GAGGGGCCACAGTAATTACAAACTTACTATCCGCC[C/T]TCCCATACATTGGGACAGACCTAGTTCAATGAATC","T","C",".","C/T","---","---","D5S1608E // downstream // 391 /// D1S2076E // upstream // 495 /// D5F1781E // within // 0","---","---","---","---","---","1","0","---","---","---","---","---"
Axiom_GW_LAT.na35.annot.csv:"b36_MT_15453_r","Affx-52321540","---","2","MT","15451","15451","+","0","---","TACACAATCAAAGACGCCCTCGGCTTACTTCTCTT[A/C]CTTCTCTCCTTAATGACATTAACACTATTCTCACC","A","C","C","A","---","---","D5F1781E // downstream // 260 /// D1S2076E // upstream // 247","---","---","---","---","---","1","0","---","---","---","---","---"
Axiom_GW_LAT.na35.annot.csv:"b36_MT_1600_f","Affx-34461853","---","2","MT","1596","1596","+","0","---","CGTAACATGGTAAGTGTACTGGAAAGTGCACTTGG[A/G]CGAACCAGAGTGTAGCTTAACACAAAGCACCCAAC","A","G","A","G","---","---","D3S2893E // upstream // 467","---","---","---","---","---","1","0","---","---","---","---","---"
Axiom_GW_LAT.na35.annot.csv:"b36_MT_2760_f","Affx-52321599","---","2","MT","2756","2756","+","0","---","GAAGACCCTATGGAGCTTTAATTTATTAATGCAAA[A/G]AGTACCTAACAAACCCACAGGTCCTAAACTACCAA","A","G",".","A/G","---","---","D3S2893E // downstream // 693 /// D17S1473E // upstream // 984 /// D11S4926E // within // 0","---","---","---","---","---","1","0","---","---","---","---","---"
Axiom_GW_LAT.na35.annot.csv:"b36_MT_3694_r","Affx-34462014","rs28357969","2","MT","3693","3693","+","0","---","TGATCAGGGTGAGCATCAAACTCAAACTACGCCCT[A/G]ATCGGCGCACTGCGAGCAGTAGCCCAAACAATCTC","A","G","G","A","---","---","D11S4926E // downstream // 980 /// D17S1473E // upstream // 47","---","---","---","YES","same","1","0","---","---","---","---","---"
Axiom_GW_LAT.na35.annot.csv:"b36_MT_4581_f","Affx-34462062","rs28357975","2","MT","4580","4580","+","0","---","TGATTTTTTACCTGAGTAGGCCTAGAAATAAACAT[A/G]CTAGCTTTTATTCCAGTTCTAACCAAAAAAATAAA","A","G","G","A","---","---","D17S1473E // downstream // 840 /// D17S1653E // upstream // 2743","---","---","---","YES","same","1","0","---","---","---","---","---"
Axiom_GW_LAT.na35.annot.csv:"b36_MT_4656_r","Affx-34462070","rs28600732","2","MT","4655","4655","+","0","---","CGTTCCACAGAAGCTGCCATCAAGTATTTCCTCAC[A/G]CAAGCAACCGCATCCATAATCCTTCTAATAGCTAT","A","G","G","A","---","---","D17S1473E // downstream // 915 /// D17S1653E // upstream // 2668","---","---","---","YES","same","1","0","---","---","---","---","---"
Axiom_GW_LAT.na35.annot.csv:"b36_MT_4770_f","Affx-34462075","rs3021086","2","MT","4769","4769","+","0","---","ACTACCAATCAATACTCATCATTAATAATCATAAT[A/G]GCTATAGCAATAAAACTAGGAATAGCCCCCTTTCA","A","G","A","G","---","---","D17S1473E // downstream // 1029 /// D17S1653E // upstream // 2554","---","---","---","YES","same","1","0","---","---","---","---","---"
Axiom_GW_LAT.na35.annot.csv:"b36_MT_6186_f","Affx-34462146","---","2","MT","6184","6184","+","0","---","AGTTCCCCTAATAATCGGTGCCCCCGATATGGCGT[C/T]TCCCCGCATAAACAACATAAGCTTCTGACTCTTAC","T","C","T","C","---","---","D17S1473E // downstream // 2444 /// D17S1653E // upstream // 1139","---","---","---","---","---","1","0","---","---","---","---","---"
Axiom_GW_LAT.na35.annot.csv:"b36_MT_6990_f","Affx-34462188","rs1978001","2","MT","6989","6989","+","0","---","GGTGGCCTGACTGGCATTGTATTAGCAAACTCATC[A/G]CTAGACATCGTACTACACGACACGTACTACGTTGT","A","G","A","G","---","---","D17S1473E // downstream // 3249 /// D17S1653E // upstream // 334","---","---","---","YES","same","1","0","---","---","---","---","---"
Axiom_GW_LAT.na35.annot.csv:"b36_MT_7176_f","Affx-34462202","rs28358874","2","MT","7175","7175","+","0","---","CATTTCACTATCATATTCATCGGCGTAAATCTAAC[C/T]TTCTTCCCACAACACTTTCTCGGCCTATCCGGAAT","T","C","T","C","---","---","D17S1473E // downstream // 3435 /// D17S1653E // upstream // 148","---","---","---","YES","same","1","0","---","---","---","---","---"
Axiom_GW_LAT.na35.annot.csv:"b36_MT_8429_r","Affx-34462257","---","2","MT","8427","8427","+","0","---","GCCCACCATAATTACCCCCATACTCCTTACACTAT[C/T]CCTCATCACCCAACTAAAAATATTAAACACAAACT","T","C","T","C","---","---","D1S2077E // downstream // 737 /// D5S1608E // upstream // 6385","---","---","---","---","---","1","0","---","---","---","---","---"
Axiom_GW_LAT.na35.annot.csv:"b36_MT_8585_r","Affx-34462264","rs3135028","2","MT","8584","8584","+","0","---","CATTCATTGCCCCCACAATCCTAGGCCTACCCGCC[A/G]CAGTACTGATCATTCTATTTCCCCCTCTATTGATC","A","G","G","A","---","---","D1S2077E // downstream // 894 /// D5S1608E // upstream // 6228","---","---","---","YES","same","1","0","---","---","---","---","---"
Axiom_GW_LAT.na35.annot.csv:"snp_rs1029294_2w_r","Affx-34462160","---","2","MT","6472","6472","+","0","---","ATACCAAACGCCCCTCTTCGTCTGATCCGTCCTAA[C/T]CACAGCAGTCCTACTTCTCCTATCTCTCCCAGTCC","T","C","T","C","---","---","D17S1473E // downstream // 2732 /// D17S1653E // upstream // 851","---","---","---","---","---","1","0","---","---","---","---","---"
Axiom_GW_LAT.na35.annot.csv:"snp_rs1116904_1wa1_r","Affx-34462239","---","2","MT","8026","8026","+","0","---","CTTGACGTTGACAATCGAGTAGTACTCCCGATTGA[A/G]GCCCCCATTCGTATAATAATTACATCACAAGACGT","A","G","A","G","---","---","D1S2077E // downstream // 336 /// D5S1608E // upstream // 6786","---","---","---","---","---","1","0","---","---","---","---","---"
Axiom_GW_LAT.na35.annot.csv:"snp_rs1978000_0w_r","Affx-34462183","---","2","MT","6826","6826","+","0","---","AATAGACGTAGACACACGAGCATATTTCACCTCCG[C/T]TACCATAATCATCGCTATCCCCACCGGCGTCAAAG","T","C","C","T","---","---","D17S1473E // downstream // 3086 /// D17S1653E // upstream // 497","---","---","---","---","---","1","0","---","---","---","---","---"
Axiom_GW_LAT.na35.annot.csv:"snp_rs1981459_1wa0_r","Affx-34462290","---","2","MT","8974","8974","+","0","---","TCCCCATACTAGTTATTATCGAAACCATCAGCCTA[C/T]TCATTCAACCAATAGCCCTGGCCGTACGCCTAACC","T","C","C","T","---","---","D1S2077E // downstream // 1284 /// D5S1608E // upstream // 5838","---","---","---","---","---","1","0","---","---","---","---","---"
Axiom_GW_LAT.na35.annot.csv:"snp_rs2001030_2w_f","Affx-52321507","---","2","MT","1436","1436","+","0","---","GAAACTTAAGGGTCGAAGGTGGATTTAGCAGTAAA[A/G]TAAGAGTAGAGTGCTTAGTTGAACAGGGCCCTGAA","A","G",".","A/G","---","---","D3S2893E // upstream // 627","---","---","---","---","---","1","0","---","---","---","---","---"
Axiom_GW_LAT.na35.annot.csv:"snp_rs2015062_1wa1_r","Affx-52321663","---","2","MT","7027","7027","+","0","---","AGACATCGTACTACACGACACGTACTACGTTGTAG[C/T]CCACTTCCACTATGTCCTATCAATAGGAGCTGTAT","T","C","C","T","---","---","D17S1473E // downstream // 3287 /// D17S1653E // upstream // 296","---","---","---","---","---","1","0","---","---","---","---","---"
Axiom_GW_LAT.na35.annot.csv:"snp_rs2298009_1wa0_r","Affx-34462301","rs2298009","2","MT","9120","9120","+","0","---","CCCTCTACACTTATCATCTTCACAATTCTAATTCT[A/G]CTGACTATCCTAGAAATCGCTGTCGCCTTAATCCA","A","G","A","G","---","---","D1S2077E // downstream // 1430 /// D5S1608E // upstream // 5692","---","---","---","---","same","1","0","---","---","---","---","---"
Axiom_GW_LAT.na35.annot.csv:"snp_rs2298011_0w_r","Affx-34462305","rs2298011","2","MT","9180","9180","+","0","---","GCCTTAATCCAAGCCTACGTTTTCACACTTCTAGT[A/G]AGCCTCTACCTGCACGACAACACATAATGACCCAC","A","G","A","G","---","---","D1S2077E // downstream // 1490 /// D5S1608E // upstream // 5632","---","---","---","---","same","1","0","---","---","---","---","---"
Axiom_GW_LAT.na35.annot.csv:"snp_rs28357372_0w_f","Affx-34461833","---","2","MT","15606","15606","+","0","---","ATTCGCCTACACAATTCTCCGATCCGTCCCTAACA[A/G]ACTAGGAGGCGTCCTTGCCCTATTACTATCCATCC","A","G","A","G","---","---","D5F1781E // downstream // 415 /// D1S2076E // upstream // 92","---","---","---","---","---","1","0","---","---","---","---","---"
Axiom_GW_LAT.na35.annot.csv:"snp_rs28357373_0w_r","Affx-34461834","rs28357373","2","MT","15629","15629","+","0","---","CCGTCCCTAACAAACTAGGAGGCGTCCTTGCCCTA[C/T]TACTATCCATCCTCATCCTAGCAATAATCCCCATC","T","C","T","C","---","---","D5F1781E // downstream // 438 /// D1S2076E // upstream // 69","---","---","---","YES","same","1","0","---","---","---","---","---"
Axiom_GW_LAT.na35.annot.csv:"snp_rs28357376_0w_f","Affx-52321550","---","2","MT","15823","15823","+","0","---","ACCATCATTGGACAAGTAGCATCCGTACTATACTT[A/G]ACAACAATCCTAATCCTAATACCAACTATCTCCCT","A","G",".","A/G","---","---","D1S2076E // downstream // 125","---","---","---","---","---","1","0","---","---","---","---","---"
Axiom_GW_LAT.na35.annot.csv:"snp_rs28357672_2w_r","Affx-34461778","---","2","MT","14211","14211","+","0","---","AATATATACACCAACAAACAATGTTCAACCAGTAA[C/T]TACTACTAATCAACGCCCATAATCATACAAAGCCC","T","C","C","T","---","---","D1S2077E // downstream // 6521 /// D5S1608E // upstream // 601","---","---","---","---","---","1","0","---","---","---","---","---"
Axiom_GW_LAT.na35.annot.csv:"snp_rs28357673_1wa1_r","Affx-34461782","---","2","MT","14283","14283","+","0","---","CGCACCAATAGGATCCTCCCGAATCAACCCTGACC[C/T]CTCTCCTTCATAAATTATTCAGCTTCCTACACTAT","T","C","C","T","---","---","D1S2077E // downstream // 6593 /// D5S1608E // upstream // 529","---","---","---","---","---","1","0","---","---","---","---","---"
Axiom_GW_LAT.na35.annot.csv:"snp_rs28357681_0w_r","Affx-52321515","---","2","MT","14797","14797","+","0","---","AAAACTAACCCCCTAATAAAATTAATTAACCACTC[C/T]TTCATCGACCTCCCCACCCCATCCAACATCTCCGC","T","C",".","C/T","---","---","D1S2077E // downstream // 7107 /// D5S1608E // upstream // 15","---","---","---","---","---","1","0","---","---","---","---","---"
Axiom_GW_LAT.na35.annot.csv:"snp_rs28357682_2w_r","Affx-34461806","---","2","MT","14905","14905","+","0","---","ATCCTCCAAATCACCACAGGACTATTCCTAGCCAT[A/G]CACTACTCACCAGACGCCTCAACCGCCTTTTCATC","A","G","G","A","---","---","D1S2077E // downstream // 7215 /// D5F1781E // upstream // 286 /// D5S1608E // within // 0","---","---","---","---","---","1","0","---","---","---","---","---"
Axiom_GW_LAT.na35.annot.csv:"snp_rs28357684_0w_r","Affx-34461812","---","2","MT","15042","15042","+","0","---","CTCAATATTCTTTATCTGCCTCTTCCTACACATCG[A/G]GCGAGGCCTATATTACGGATCATTTCTCTACTCAG","A","G","G","A","---","---","D5S1608E // downstream // 230 /// D5F1781E // upstream // 149","---","---","---","---","---","1","0","---","---","---","---","---"
Axiom_GW_LAT.na35.annot.csv:"snp_rs28357981_2w_r","Affx-34462088","rs28357981","2","MT","4977","4977","+","0","---","CAATCTTATCCATCATAGCAGGCAGTTGAGGTGGA[C/T]TAAACCAAACCCAGCTACGCAAAATCTTAGCATAC","T","C","T","C","---","---","D17S1473E // downstream // 1237 /// D17S1653E // upstream // 2346","---","---","---","YES","same","1","0","---","---","---","---","---"
Axiom_GW_LAT.na35.annot.csv:"snp_rs28357986_0w_f","Affx-34462107","---","2","MT","5284","5284","+","0","---","TTTGCCCAAATGGGCCATTATCGAAGAATTCACAA[A/G]AAACAATAGCCTCATCATCCCCACCATCATAGCCA","A","G","A","G","---","---","D17S1473E // downstream // 1544 /// D17S1653E // upstream // 2039","---","---","---","---","---","1","0","---","---","---","---","---"
Axiom_GW_LAT.na35.annot.csv:"snp_rs28358274_1wa1_f","Affx-52321433","---","2","MT","10085","10085","+","0","---","AAAAGAGTAATAAACTTCGCCTTAATTTTAATAAT[A/G]AACACCCTCCTAGCCTTACTACTAATAATTATTAC","A","G",".","A/G","---","---","D1S2077E // downstream // 2395 /// D5S1608E // upstream // 4727","---","---","---","---","---","1","0","---","---","---","---","---"
Axiom_GW_LAT.na35.annot.csv:"snp_rs28358275_1wa0_r","Affx-34461577","rs397515504","2","MT","10237","10237","+","0","---","CGTCCCTTTCTCCATAAAATTCTTCTTAGTAGCTA[C/T]TACCTTCTTATTATTTGATCTAGAAATTGCCCTCC","T","C","T","C","---","---","D1S2077E // downstream // 2547 /// D5S1608E // upstream // 4575","---","---","---","---","same","1","0","---","---","---","---","---"
Axiom_GW_LAT.na35.annot.csv:"snp_rs28358277_3w_f","Affx-34461584","---","2","MT","10372","10372","+","0","---","ATTAATCATCATCCTAGCCCTAAGTCTGGCCTATG[A/G]GTGACTACAAAAAGGATTAGACTGAACCGAATTGG","A","G","A","G","---","---","D1S2077E // downstream // 2682 /// D5S1608E // upstream // 4440","---","---","---","---","---","1","0","---","---","---","---","---"
Axiom_GW_LAT.na35.annot.csv:"snp_rs28358278_1wa0_r","Affx-34461586","---","2","MT","10399","10399","+","0","---","GGCCTATGAGTGACTACAAAAAGGATTAGACTGAA[C/T]CGAATTGGTATATAGTTTAAACAAAACGAATGATT","T","C","C","T","---","---","D1S2077E // downstream // 2709 /// D5S1608E // upstream // 4413","---","---","---","---","---","1","0","---","---","---","---","---"
Axiom_GW_LAT.na35.annot.csv:"snp_rs28358281_2w_r","Affx-34461595","rs28358281","2","MT","10586","10586","+","0","---","TCCTCCCTACTATGCCTAGAAGGAATAATACTATC[A/G]CTGTTCATTATAGCTACTCTCATAACCCTCAACAC","A","G","G","A","---","---","D1S2077E // downstream // 2896 /// D5S1608E // upstream // 4226","---","---","---","YES","same","1","0","---","---","---","---","---"
Axiom_GW_LAT.na35.annot.csv:"snp_rs28358282_1wa0_r","Affx-34461607","---","2","MT","10809","10809","+","0","---","CGTCCCAACAATTATATTACTACCACTGACATGAC[C/T]TTCCAAAAAACACATAATTTGAATCAACACAACCA","T","C","T","C","---","---","D1S2077E // downstream // 3119 /// D5S1608E // upstream // 4003","---","---","---","---","---","1","0","---","---","---","---","---"
Axiom_GW_LAT.na35.annot.csv:"snp_rs28358285_0w_r","Affx-34461624","---","2","MT","11298","11298","+","0","---","CAACACCCTAGGCTCACTAAACATTCTACTACTCA[C/T]TCTCACTGCCCAAGAACTATCAAACTCCTGAGCCA","T","C","C","T","---","---","D1S2077E // downstream // 3608 /// D5S1608E // upstream // 3514","---","---","---","---","---","1","0","---","---","---","---","---"
Axiom_GW_LAT.na35.annot.csv:"snp_rs28358568_0w_r","Affx-52321665","---","2","MT","708","708","+","0","---","TTAGCTCTTAGTAAGATTACACATGCAAGCATCCC[C/T]GTTCCAGTGAGTTCACCCTCTAAATCACCACGATC","T","C","C","T","---","---","D3S2893E // upstream // 1355","---","---","---","---","---","1","0","---","---","---","---","---"
Axiom_GW_LAT.na35.annot.csv:"snp_rs28358572_1wa1_r","Affx-52321467","---","2","MT","1241","1241","+","0","---","GTTCTGTAATCGATAAACCCCGATCAACCTCACCA[C/T]CTCTTGCTCAGCCTATATACCGCCATCTTCAGCAA","T","C","C","T","---","---","D3S2893E // upstream // 822","---","---","---","---","---","1","0","---","---","---","---","---"
Axiom_GW_LAT.na35.annot.csv:"snp_rs28358574_3w_r","Affx-52321580","---","2","MT","1734","1734","+","0","---","CTTACTACCAGACAACCTTAGCCAAACCATTTACC[A/G]AAATAAAGTATAGGCGATAGAAATTGAAACCTGGC","A","G",".","A/G","---","---","D3S2893E // upstream // 329","---","---","---","---","---","1","0","---","---","---","---","---"
Axiom_GW_LAT.na35.annot.csv:"snp_rs28358578_2w_r","Affx-52321593","---","2","MT","2330","2330","+","0","---","CTAATGTTAGTATAAGTAACATGAAAACATTCTCC[C/T]CCGCATAAGCCTGCGTCAGATTAAAACACTGAACT","T","C","T","C","---","---","D3S2893E // downstream // 267 /// D11S4926E // upstream // 383","---","---","---","---","---","1","0","---","---","---","---","---"
Axiom_GW_LAT.na35.annot.csv:"snp_rs28358580_1wa1_r","Affx-52321596","---","2","MT","2414","2414","+","0","---","CCAATATCTACAATCAACCAACAAGTCATTATTAC[C/T]CTCACTGTCAACCCAACACAGGCATGCTCATAAGG","T","C","C","T","---","---","D3S2893E // downstream // 351 /// D11S4926E // upstream // 299","---","---","---","---","---","1","0","---","---","---","---","---"
Axiom_GW_LAT.na35.annot.csv:"snp_rs28358582_2w_r","Affx-52321614","---","2","MT","3307","3307","+","0","---","TTACAGTCAGAGGTTCAATTCCTCTTCTTAACAAC[C/T]TACCCATGGCCAACCTCCTACTCCTCATTGTACCC","T","C",".","C/T","---","---","D11S4926E // downstream // 594 /// D17S1473E // upstream // 433","---","---","---","---","---","1","0","---","---","---","---","---"
Axiom_GW_LAT.na35.annot.csv:"snp_rs28358583_1wa0_r","Affx-34461999","---","2","MT","3449","3449","+","0","---","CCCCAACGTTGTAGGCCCCTACGGGCTACTACAAC[C/T]CTTCGCTGACGCCATAAAACTCTTCACCAAAGAGC","T","C","C","T","---","---","D11S4926E // downstream // 736 /// D17S1473E // upstream // 291","---","---","---","---","---","1","0","---","---","---","---","---"
Axiom_GW_LAT.na35.annot.csv:"snp_rs28358584_1wa1_r","Affx-34462000","---","2","MT","3479","3479","+","0","---","ACAACCCTTCGCTGACGCCATAAAACTCTTCACCA[A/G]AGAGCCCCTAAAACCCGCCACATCTACCATCACCC","A","G","A","G","---","---","D11S4926E // downstream // 766 /// D17S1473E // upstream // 261","---","---","---","---","---","1","0","---","---","---","---","---"
Axiom_GW_LAT.na35.annot.csv:"snp_rs28358586_2w_r","Affx-52321622","---","2","MT","3546","3546","+","0","---","ACCCTCTACATCACCGCCCCGACCTTAGCTCTCAC[A/G]ATCGCTCTTCTACTATGAACCCCCCTCCCCATACC","A","G",".","A/G","---","---","D11S4926E // downstream // 833 /// D17S1473E // upstream // 194","---","---","---","---","---","1","0","---","---","---","---","---"
Axiom_GW_LAT.na35.annot.csv:"snp_rs28358881_0w_r","Affx-34462236","---","2","MT","7867","7867","+","0","---","ATCCTTTACATAACAGACGAGGTCAACGATCCCTC[C/T]CTTACCATCAAATCAATTGGCCACCAATGGTACTG","T","C","C","T","---","---","D1S2077E // downstream // 177 /// D5S1608E // upstream // 6945","---","---","---","---","---","1","0","---","---","---","---","---"
Axiom_GW_LAT.na35.annot.csv:"snp_rs28359170_1wa1_r","Affx-52321455","---","2","MT","12235","12235","+","0","---","ATTTACCGAGAAAGCTCACAAGAACTGCTAACTCA[A/G]GCCCCCATGTCTAACAACATGGCTTTCTCAACTTT","A","G",".","A/G","---","---","D1S2077E // downstream // 4545 /// D5S1608E // upstream // 2577","---","---","---","---","---","1","0","---","---","---","---","---"
Axiom_GW_LAT.na35.annot.csv:"snp_rs28359172_2w_r","Affx-34461691","rs28359172","2","MT","12612","12612","+","0","---","AAACTAGACTACTTCTCCATAATATTCATCCCTGT[A/G]GCATTGTTCGTTACATGGTCCATCATAGAATTCTC","A","G","A","G","---","---","D1S2077E // downstream // 4922 /// D5S1608E // upstream // 2200","---","---","---","YES","same","1","0","---","---","---","---","---"
Axiom_GW_LAT.na35.annot.csv:"snp_rs28359173_2w_r","Affx-34461697","---","2","MT","12692","12692","+","0","---","TATAAACTCAGACCCAAACATTAATCAGTTCTTCA[A/G]ATATCTACTCATCTTCCTAATTACCATACTAATCT","A","G","A","G","---","---","D1S2077E // downstream // 5002 /// D5S1608E // upstream // 2120","---","---","---","---","---","1","0","---","---","---","---","---"
Axiom_GW_LAT.na35.annot.csv:"snp_rs28359175_0w_f","Affx-34461717","---","2","MT","13262","13262","+","0","---","CATCAAAAAAATCGTAGCCTTCTCCACTTCAAGTC[A/G]ACTAGGACTCATAATAGTTACAATCGGCATCAACC","A","G","A","G","---","---","D1S2077E // downstream // 5572 /// D5S1608E // upstream // 1550","---","---","---","---","---","1","0","---","---","---","---","---"
Axiom_GW_LAT.na35.annot.csv:"snp_rs28359176_3w_r","Affx-34461730","rs28359176","2","MT","13485","13485","+","0","---","TCCCTCACCATTGGCAGCCTAGCATTAGCAGGAAT[A/G]CCTTTCCTCACAGGTTTCTACTCCAAAGACCACAT","A","G","A","G","---","---","D1S2077E // downstream // 5795 /// D5S1608E // upstream // 1327","---","---","---","YES","same","1","0","---","---","---","---","---"
Axiom_GW_LAT.na35.annot.csv:"snp_rs28359177_3w_r","Affx-34461738","rs28359177","2","MT","13590","13590","+","0","---","TGAGCCCTATCTATTACTCTCATCGCTACCTCCCT[A/G]ACAAGCGCCTATAGCACTCGAATAATTCTTCTCAC","A","G","G","A","---","---","D1S2077E // downstream // 5900 /// D5S1608E // upstream // 1222","---","---","---","YES","same","1","0","---","---","---","---","---"
Axiom_GW_LAT.na35.annot.csv:"snp_rs28359178_1wa0_r","Affx-52321481","---","2","MT","13707","13707","+","0","---","AATAACCCCACCCTACTAAACCCCATTAAACGCCT[A/G]GCAGCCGGAAGCCTATTCGCAGGATTTCTCATTAC","A","G","G","A","---","---","D1S2077E // downstream // 6017 /// D5S1608E // upstream // 1105","---","---","---","---","---","1","0","---","---","---","---","---"
Axiom_GW_LAT.na35.annot.csv:"snp_rs28359179_1wa1_r","Affx-52321484","---","2","MT","13788","13788","+","0","---","TCCCCCGCATCCCCCTTCCAAACAACAATCCCCCT[C/T]TACCTAAAACTCACAGCCCTCGCTGTCACTTTCCT","T","C","C","T","---","---","D1S2077E // downstream // 6098 /// D5S1608E // upstream // 1024","---","---","---","---","---","1","0","---","---","---","---","---"
Axiom_GW_LAT.na35.annot.csv:"snp_rs28379170_0w_r","Affx-34461727","rs28379170","2","MT","13401","13401","+","0","---","GGGTCCATCATCCACAACCTTAACAATGAACAAGA[C/T]ATTCGAAAAATAGGAGGACTACTCAAAACCATACC","T","C","T","C","---","---","D1S2077E // downstream // 5711 /// D5S1608E // upstream // 1411","---","---","---","---","same","1","0","---","---","---","---","---"
Axiom_GW_LAT.na35.annot.csv:"snp_rs28411821_1wa0_r","Affx-34462342","---","2","MT","9823","9823","+","0","---","CTCAACATTTTTTGTAGCCACAGGCTTCCACGGAC[C/T]TCACGTCATTATTGGCTCAACTTTCCTCACTATCT","T","C","T","C","---","---","D1S2077E // downstream // 2133 /// D5S1608E // upstream // 4989","---","---","---","---","---","1","0","---","---","---","---","---"
Axiom_GW_LAT.na35.annot.csv:"snp_rs28441014_1wa1_r","Affx-34462028","rs28441014","2","MT","3972","3972","+","0","---","TTCAACATCGAATACGCCGCAGGCCCCTTCGCCCT[A/G]TTCTTCATAGCCGAATACACAAACATTATTATAAT","A","G","A","G","---","---","D17S1473E // downstream // 232 /// D17S1653E // upstream // 3351","---","---","---","---","same","1","0","---","---","---","---","---"
Axiom_GW_LAT.na35.annot.csv:"snp_rs28495504_2w_f","Affx-34461659","---","2","MT","1192","1192","+","0","---","TTAAAACTCAAAGGACCTGGCGGTGCTTCATATCC[A/C]TCTAGAGGAGCCTGTTCTGTAATCGATAAACCCCG","A","C","C","A","---","---","D3S2893E // upstream // 871","---","---","---","---","---","1","0","---","---","---","---","---"
Axiom_GW_LAT.na35.annot.csv:"snp_rs28502681_1wa0_r","Affx-34462263","---","2","MT","8571","8571","+","0","---","AATCTGTTCGCTTCATTCATTGCCCCCACAATCCT[A/G]GGCCTACCCGCCGCAGTACTGATCATTCTATTTCC","A","G","A","G","---","---","D1S2077E // downstream // 881 /// D5S1608E // upstream // 6241","---","---","---","---","---","1","0","---","---","---","---","---"
Axiom_GW_LAT.na35.annot.csv:"snp_rs2853490_2w_f","Affx-34461617","---","2","MT","11175","11175","+","0","---","CCCCACCTTGGCTATCATCACCCGATGAGGCAACC[A/G]GCCAGAACGCCTGAACGCAGGCACATACTTCCTAT","A","G","A","G","---","---","D1S2077E // downstream // 3485 /// D5S1608E // upstream // 3637","---","---","---","---","---","1","0","---","---","---","---","---"
Axiom_GW_LAT.na35.annot.csv:"snp_rs2853494_2w_r","Affx-34461637","rs2853494","2","MT","11641","11641","+","0","---","AAATCGCTCATTGCATACTCTTCAATCAGCCACAT[A/G]GCCCTCGTAGTAACAGCCATTCTCATCCAAACCCC","A","G","A","G","---","---","D1S2077E // downstream // 3951 /// D5S1608E // upstream // 3171","---","---","---","YES","same","1","0","---","---","---","---","---"
Axiom_GW_LAT.na35.annot.csv:"snp_rs2853495_1wa0_r","Affx-34461643","---","2","MT","11718","11718","+","0","---","CTTCACCGGCGCAGTCATTCTCATAATCGCCCACG[A/G]GCTTACATCCTCATTACTATTCTGCCTAGCAAACT","A","G","G","A","---","---","D1S2077E // downstream // 4028 /// D5S1608E // upstream // 3094","---","---","---","---","---","1","0","---","---","---","---","---"
Axiom_GW_LAT.na35.annot.csv:"snp_rs2853497_0w_f","Affx-34461661","---","2","MT","12006","12006","+","0","---","CCTATACTCCCTCTACATATTTACCACAACACAAT[A/G]GGGCTCACTCACCCACCACATTAACAACATAAAAC","A","G","G","A","---","---","D1S2077E // downstream // 4316 /// D5S1608E // upstream // 2806","---","---","---","---","---","1","0","---","---","---","---","---"
Axiom_GW_LAT.na35.annot.csv:"snp_rs2853499_1wa1_r","Affx-34461680","rs2853499","2","MT","12372","12372","+","0","---","ATAACCATGCACACTACTATAACCACCCTAACCCT[A/G]ACTTCCCTAATTCCCCCCATCCTTACCACCCTCGT","A","G","G","A","---","---","D1S2077E // downstream // 4682 /// D5S1608E // upstream // 2440","---","---","---","YES","same","1","0","---","---","---","---","---"
Axiom_GW_LAT.na35.annot.csv:"snp_rs2853500_0w_r","Affx-34461699","rs2853500","2","MT","12720","12720","+","0","---","TTCTTCAAATATCTACTCATCTTCCTAATTACCAT[A/G]CTAATCTTAGTTACCGCTAACAACCTATTCCAACT","A","G","A","G","---","---","D1S2077E // downstream // 5030 /// D5S1608E // upstream // 2092","---","---","---","YES","same","1","0","---","---","---","---","---"
Axiom_GW_LAT.na35.annot.csv:"snp_rs2853502_2w_r","Affx-52321477","---","2","MT","13275","13275","+","0","---","GTAGCCTTCTCCACTTCAAGTCAACTAGGACTCAT[A/G]ATAGTTACAATCGGCATCAACCAACCACACCTAGC","A","G","A","G","---","---","D1S2077E // downstream // 5585 /// D5S1608E // upstream // 1537","---","---","---","---","---","1","0","---","---","---","---","---"
Axiom_GW_LAT.na35.annot.csv:"snp_rs2853503_0w_r","Affx-34461741","---","2","MT","13616","13616","+","0","---","TACCTCCCTGACAAGCGCCTATAGCACTCGAATAA[C/T]TCTTCTCACCCTAACAGGTCAACCTCGCTTCCCCA","T","C","T","C","---","---","D1S2077E // downstream // 5926 /// D5S1608E // upstream // 1196","---","---","---","---","---","1","0","---","---","---","---","---"
Axiom_GW_LAT.na35.annot.csv:"snp_rs2853513_1wa1_r","Affx-34461874","---","2","MT","16221","16221","+","0","---","CCCTCCCCATGCTTACAAGCAAGTACAGCAATCAA[C/T]CCTCAACTATCACACATCAACTGCAACTCCAAAGC","T","C","C","T","---","---","D1S2076E // downstream // 523","---","---","---","---","---","1","0","---","---","---","---","---"
Axiom_GW_LAT.na35.annot.csv:"snp_rs2853519_2w_f","Affx-52321671","---","2","MT","767","767","+","0","---","ATCACCACGATCAAAAGGAACAAGCATCAAGCACG[A/G]AGCAATGCAGCTCAAAACGCTTAGCCTAGCCACAC","A","G",".","A/G","---","---","D3S2893E // upstream // 1296","---","---","---","---","---","1","0","---","---","---","---","---"
Axiom_GW_LAT.na35.annot.csv:"snp_rs2853824_1wa0_r","Affx-34462318","rs2853824","2","MT","9347","9347","+","0","---","CACTTCCACTCCATAACGCTCCTCATACTAGGCCT[A/G]CTAACCAACACACTAACCATATACCAATGATGGCG","A","G","A","G","---","---","D1S2077E // downstream // 1657 /// D5S1608E // upstream // 5465","---","---","---","YES","same","1","0","---","---","---","---","---"
Axiom_GW_LAT.na35.annot.csv:"snp_rs2854122_1wa1_r","Affx-34461698","---","2","MT","12704","12704","+","0","---","CCCAAACATTAATCAGTTCTTCAAATATCTACTCA[C/T]CTTCCTAATTACCATACTAATCTTAGTTACCGCTA","T","C","T","C","---","---","D1S2077E // downstream // 5014 /// D5S1608E // upstream // 2108","---","---","---","---","---","1","0","---","---","---","---","---"
Axiom_GW_LAT.na35.annot.csv:"snp_rs2854123_0w_f","Affx-34461742","---","2","MT","13649","13649","+","0","---","AATTCTTCTCACCCTAACAGGTCAACCTCGCTTCC[C/T]CACCCTTACTAACATTAACGAAAATAACCCCACCC","T","C","C","T","---","---","D1S2077E // downstream // 5959 /// D5S1608E // upstream // 1163","---","---","---","---","---","1","0","---","---","---","---","---"
Axiom_GW_LAT.na35.annot.csv:"snp_rs2854128_1wa1_f","Affx-52321598","---","2","MT","2704","2704","+","0","---","ACCAGTGAAATTGACCTGCCCGTGAAGAGGCGGGC[A/G]TAACACAGCAAGACGAGAAGACCCTATGGAGCTTT","A","G","A","G","---","---","D3S2893E // downstream // 641 /// D11S4926E // upstream // 9","---","---","---","---","---","1","0","---","---","---","---","---"
Axiom_GW_LAT.na35.annot.csv:"snp_rs2854130_0w_r","Affx-52321605","---","2","MT","2883","2883","+","0","---","AGTACATGCTAAGACTTCACCAGTCAAAGCGAACT[C/T]CTATACTCAATTGATCCAATAACTTGACCAACGGA","T","C",".","C/T","---","---","D3S2893E // downstream // 820 /// D17S1473E // upstream // 857 /// D11S4926E // within // 0","---","---","---","---","---","1","0","---","---","---","---","---"
Axiom_GW_LAT.na35.annot.csv:"snp_rs2854134_3w_r","Affx-34462008","---","2","MT","3593","3593","+","0","---","ACTATGAACCCCCCTCCCCATACCCAACCCCCTGG[C/T]CAACCTCAACCTAGGCCTCCTATTTATTCTAGCCA","T","C","T","C","---","---","D11S4926E // downstream // 880 /// D17S1473E // upstream // 147","---","---","---","---","---","1","0","---","---","---","---","---"
Axiom_GW_LAT.na35.annot.csv:"snp_rs2854139_2w_r","Affx-34462341","rs2854139","2","MT","9818","9818","+","0","---","TACGGCTCAACATTTTTTGTAGCCACAGGCTTCCA[C/T]GGACTTCACGTCATTATTGGCTCAACTTTCCTCAC","T","C","C","T","---","---","D1S2077E // downstream // 2128 /// D5S1608E // upstream // 4994","---","---","---","YES","same","1","0","---","---","---","---","---"
Axiom_GW_LAT.na35.annot.csv:"snp_rs28575684_2w_r","Affx-34462334","---","2","MT","9646","9646","+","0","---","CGTATTACTCGCATCAGGAGTATCAATCACCTGAG[C/T]TCACCATAGTCTAATAGAAAACAACCGAAACCAAA","T","C","C","T","---","---","D1S2077E // downstream // 1956 /// D5S1608E // upstream // 5166","---","---","---","---","---","1","0","---","---","---","---","---"
Axiom_GW_LAT.na35.annot.csv:"snp_rs28609979_1wa0_r","Affx-34461628","---","2","MT","11364","11364","+","0","---","AGCCAACAACTTAATATGACTAGCTTACACAATAG[C/T]TTTTATAGTAAAGATACCTCTTTACGGACTCCACT","T","C","C","T","---","---","D1S2077E // downstream // 3674 /// D5S1608E // upstream // 3448","---","---","---","---","---","1","0","---","---","---","---","---"
Axiom_GW_LAT.na35.annot.csv:"snp_rs28617642_2w_r","Affx-34461842","---","2","MT","15883","15883","+","0","---","ACTATCTCCCTAATTGAAAACAAAATACTCAAATG[A/G]GCCTGTCCTTGTAGTATAAACTAATACACCAGTCT","A","G","G","A","---","---","D1S2076E // downstream // 185","---","---","---","---","---","1","0","---","---","---","---","---"
Axiom_GW_LAT.na35.annot.csv:"snp_rs28619217_2w_f","Affx-34461962","---","2","MT","2753","2753","+","0","---","CGAGAAGACCCTATGGAGCTTTAATTTATTAATGC[A/G]AACAGTACCTAACAAACCCACAGGTCCTAAACTAC","A","G","A","G","---","---","D3S2893E // downstream // 690 /// D17S1473E // upstream // 987 /// D11S4926E // within // 0","---","---","---","---","---","1","0","---","---","---","---","---"
Axiom_GW_LAT.na35.annot.csv:"snp_rs28647453_2w_r","Affx-34462024","rs28647453","2","MT","3927","3927","+","0","---","ACCCCCTTCGACCTTGCCGAAGGGGAGTCCGAACT[A/G]GTCTCAGGCTTCAACATCGAATACGCCGCAGGCCC","A","G","A","G","---","---","D17S1473E // downstream // 187 /// D17S1653E // upstream // 3396","---","---","---","---","same","1","0","---","---","---","---","---"
Axiom_GW_LAT.na35.annot.csv:"snp_rs28647976_2w_r","Affx-34462010","---","2","MT","3603","3603","+","0","---","CCCCTCCCCATACCCAACCCCCTGGTCAACCTCAA[C/G]CTAGGCCTCCTATTTATTCTAGCCACCTCTAGCCT","C","G","C","G","---","---","D11S4926E // downstream // 890 /// D17S1473E // upstream // 137","---","---","---","---","---","2","0","---","---","---","---","---"
Axiom_GW_LAT.na35.annot.csv:"snp_rs28673954_3w_r","Affx-34461583","rs28673954","2","MT","10370","10370","+","0","---","TTATTAATCATCATCCTAGCCCTAAGTCTGGCCTA[C/T]GAGTGACTACAAAAAGGATTAGACTGAACCGAATT","T","C","T","C","---","---","D1S2077E // downstream // 2680 /// D5S1608E // upstream // 4442","---","---","---","---","same","1","0","---","---","---","---","---"
Axiom_GW_LAT.na35.annot.csv:"snp_rs28681063_2w_r","Affx-52321691","---","2","MT","9024","9024","+","0","---","GCCCTGGCCGTACGCCTAACCGCTAACATTACTGC[A/G]GGCCACCTACTCATGCACCTAATTGGAAGCGCCAC","A","G","A","G","---","---","D1S2077E // downstream // 1334 /// D5S1608E // upstream // 5788","---","---","---","---","---","1","0","---","---","---","---","---"
Axiom_GW_LAT.na35.annot.csv:"snp_rs28713729_0w_r","Affx-34461651","---","2","MT","11842","11842","+","0","---","ACTCTACTCCCACTAATAGCTTTTTGATGACTTCT[A/G]GCAAGCCTCGCTAACCTCGCCTTACCCCCCACTAT","A","G","A","G","---","---","D1S2077E // downstream // 4152 /// D5S1608E // upstream // 2970","---","---","---","---","---","1","0","---","---","---","---","---"
Axiom_GW_LAT.na35.annot.csv:"snp_rs28718242_2w_r","Affx-34461652","---","2","MT","11898","11898","+","0","---","CTTACCCCCCACTATTAACCTACTGGGAGAACTCT[C/T]TGTGCTAGTAACCACGTTCTCCTGATCAAATATCA","T","C","C","T","---","---","D1S2077E // downstream // 4208 /// D5S1608E // upstream // 2914","---","---","---","---","---","1","0","---","---","---","---","---"
Axiom_GW_LAT.na35.annot.csv:"snp_rs28721398_4w_f","Affx-34462161","rs28721398","2","MT","6481","6481","+","0","---","GCCCCTCTTCGTCTGATCCGTCCTAATCACAGCAG[C/T]CCTACTTCTCCTATCTCTCCCAGTCCTAGCTGCTG","T","C","T","C","---","---","D17S1473E // downstream // 2741 /// D17S1653E // upstream // 842","---","---","---","YES","same","1","0","---","---","---","---","---"
Axiom_GW_LAT.na35.annot.csv:"snp_rs3020605_2w_r","Affx-34462293","rs3020605","2","MT","9042","9042","+","0","---","ACCGCTAACATTACTGCAGGCCACCTACTCATGCA[C/T]CTAATTGGAAGCGCCACCCTAGCAATATCAACCAT","T","C","C","T","---","---","D1S2077E // downstream // 1352 /// D5S1608E // upstream // 5770","---","---","---","YES","same","1","0","---","---","---","---","---"
Axiom_GW_LAT.na35.annot.csv:"snp_rs3094282_3w_f","Affx-52321559","---","2","MT","15926","15926","+","0","---","CTTGTAGTATAAACTAATACACCAGTCTTGTAAAC[A/G]GGAGATGAAAACCTTTTTCCAAGGACAAATCAGAG","A","G",".","A/G","---","---","D1S2076E // downstream // 228","---","---","---","---","---","1","0","---","---","---","---","---"
Axiom_GW_LAT.na35.annot.csv:"snp_rs3094283_1wa0_r","Affx-34462276","---","2","MT","8783","8783","+","0","---","CTTAATCATTTTTATTGCCACAACTAACCTCCTCG[A/G]ACTCCTGCCTCACTCATTTACACCAACCACCCAAC","A","G","G","A","---","---","D1S2077E // downstream // 1093 /// D5S1608E // upstream // 6029","---","---","---","---","---","1","0","---","---","---","---","---"
Axiom_GW_LAT.na35.annot.csv:"snp_rs3134801_0w_r","Affx-34462350","---","2","MT","9949","9949","+","0","---","AGCCGCCGCCTGATACTGGCATTTTGTAGATGTGG[C/T]TTGACTATTTCTGTATGTCTCCATCTATTGATGAG","T","C","T","C","---","---","D1S2077E // downstream // 2259 /// D5S1608E // upstream // 4863","---","---","---","---","---","1","0","---","---","---","---","---"
Axiom_GW_LAT.na35.annot.csv:"snp_rs35452858_1wa1_r","Affx-34461886","---","2","MT","16323","16323","+","0","---","TACCCACCCTTAACAGTACATAGTACATAAAGCCA[C/T]TTACCGTACATAGCACATTACAGTCAAATCCCTTC","T","C","T","C","---","---","D1S2076E // downstream // 625","---","---","---","---","---","1","0","---","---","---","---","---"
Axiom_GW_LAT.na35.annot.csv:"snp_rs36086121_0w_r","Affx-34462120","rs369496446","2","MT","5603","5603","+","0","---","ACTTAATTTCTGTAACAGCTAAGGACTGCAAAACC[C/T]CACTCTGCATCAACTGAACGCAAATCAGCCACTTT","T","C","C","T","---","---","D17S1473E // downstream // 1863 /// D17S1653E // upstream // 1720","---","---","---","---","same","1","0","---","---","---","---","---"
Axiom_GW_LAT.na35.annot.csv:"snp_rs3899498_1wa1_r","Affx-52321478","---","2","MT","13367","13367","+","0","---","CGCCTTCTTCAAAGCCATACTATTTATGTGCTCCG[A/G]GTCCATCATCCACAACCTTAACAATGAACAAGATA","A","G","G","A","---","---","D1S2077E // downstream // 5677 /// D5S1608E // upstream // 1445","---","---","---","---","---","1","0","---","---","---","---","---"
Axiom_GW_LAT.na35.annot.csv:"snp_rs3902406_4w_r","Affx-34462158","---","2","MT","6460","6460","+","0","---","TGCCATAACCCAATACCAAACGCCCCTCTTCGTCT[A/G]ATCCGTCCTAATCACAGCAGTCCTACTTCTCCTAT","A","G","G","A","---","---","D17S1473E // downstream // 2720 /// D17S1653E // upstream // 863","---","---","---","---","---","1","0","---","---","---","---","---"
Axiom_GW_LAT.na35.annot.csv:"snp_rs3902407_0w_r","Affx-34462343","---","2","MT","9832","9832","+","0","---","TTTTGTAGCCACAGGCTTCCACGGACTTCACGTCA[C/T]TATTGGCTCAACTTTCCTCACTATCTGCTTCATCC","T","C","T","C","---","---","D1S2077E // downstream // 2142 /// D5S1608E // upstream // 4980","---","---","---","---","---","1","0","---","---","---","---","---"
Axiom_GW_LAT.na35.annot.csv:"snp_rs3915952_0w_r","Affx-34461623","rs3915952","2","MT","11251","11251","+","0","---","ACCCTAGTAGGCTCCCTTCCCCTACTCATCGCACT[A/G]ATTTACACTCACAACACCCTAGGCTCACTAAACAT","A","G","A","G","---","---","D1S2077E // downstream // 3561 /// D5S1608E // upstream // 3561","---","---","---","YES","same","1","0","---","---","---","---","---"
Axiom_GW_LAT.na35.annot.csv:"snp_rs3926883_0w_r","Affx-34461694","---","2","MT","12632","12632","+","0","---","AATATTCATCCCTGTAGCATTGTTCGTTACATGGT[A/C]CATCATAGAATTCTCACTGTGATATATAAACTCAG","A","C","C","A","---","---","D1S2077E // downstream // 4942 /// D5S1608E // upstream // 2180","---","---","---","---","---","1","0","---","---","---","---","---"
Axiom_GW_LAT.na35.annot.csv:"snp_rs3928306_1wa0_r","Affx-52321607","---","2","MT","3008","3008","+","0","---","TAGGGTTTACGACCTCGATGTTGGATCAGGACATC[A/G]CGATGGTGCAGCCGCTATTAAAGGTTCGTTTGTTC","A","G",".","A/G","---","---","D11S4926E // downstream // 295 /// D17S1473E // upstream // 732","---","---","---","---","---","1","0","---","---","---","---","---"
Axiom_GW_LAT.na35.annot.csv:"snp_rs3937039_1wa0_r","Affx-34462171","rs56489998","2","MT","663","663","+","0","---","CTCACATCACCCCATAAACAAATAGGTTTGGTCCT[A/G]GCCTTTCTATTAGCTCTTAGTAAGATTACACATGC","A","G","A","G","---","---","D3S2893E // upstream // 1400","---","---","---","---","reverse","1","0","---","---","---","---","---"
Axiom_GW_LAT.na35.annot.csv:"snp_rs41337244_1wa0_r","Affx-52321548","---","2","MT","15757","15757","+","0","---","TGACTCCTAGCCGCAGACCTCCTCATTCTAACCTG[A/G]ATCGGAGGACAACCAGTAAGCTACCCTTTTACCAT","A","G","A","G","---","---","D5F1781E // downstream // 566 /// D1S2076E // within // 0","---","---","---","---","---","1","0","---","---","---","---","---"
Axiom_GW_LAT.na35.annot.csv:"snp_rs41347846_1wa1_r","Affx-52321429","---","2","MT","10033","10033","+","0","---","TAGTATAAATAGTACCGTTAACTTCCAATTAACTA[C/T]TTTTGACAACATTCAAAAAAGAGTAATAAACTTCG","T","C",".","C/T","---","---","D1S2077E // downstream // 2343 /// D5S1608E // upstream // 4779","---","---","---","---","---","1","0","---","---","---","---","---"
Axiom_GW_LAT.na35.annot.csv:"snp_rs41349444_0w_f","Affx-34461927","rs41349444","2","MT","2158","2158","+","0","---","CACTAGGAAAAAACCTTGTAGAGAGAGTAAAAAAT[C/T]TAACACCCATAGTAGGCCTAAAAGCAGCCACCAAT","T","C","T","C","---","---","D11S4926E // upstream // 555 /// D3S2893E // within // 0","---","---","---","---","same","1","0","---","---","---","---","---"
Axiom_GW_LAT.na35.annot.csv:"snp_rs41355750_1wa0_r","Affx-34462016","---","2","MT","3719","3719","+","0","---","CTACGCCCTGATCGGCGCACTGCGAGCAGTAGCCC[A/G]AACAATCTCATATGAAGTCACCCTAGCCATCATTC","A","G","A","G","---","---","D11S4926E // downstream // 1006 /// D17S1473E // upstream // 21","---","---","---","---","---","1","0","---","---","---","---","---"
Axiom_GW_LAT.na35.annot.csv:"snp_rs41366755_1wa1_r","Affx-34462153","---","2","MT","6370","6370","+","0","---","CCTAACCATCTTCTCCTTACACCTAGCAGGTGTCT[C/T]CTCTATCTTAGGGGCCATCAATTTCATCACAACAA","T","C","C","T","---","---","D17S1473E // downstream // 2630 /// D17S1653E // upstream // 953","---","---","---","---","---","1","0","---","---","---","---","---"
Axiom_GW_LAT.na35.annot.csv:"snp_rs41421644_1wa0_r","Affx-34461746","---","2","MT","13733","13733","+","0","---","TAAACGCCTGGCAGCCGGAAGCCTATTCGCAGGAT[C/T]TCTCATTACTAACAACATTTCCCCCGCATCCCCCT","T","C","T","C","---","---","D1S2077E // downstream // 6043 /// D5S1608E // upstream // 1079","---","---","---","---","---","1","0","---","---","---","---","---"
Axiom_GW_LAT.na35.annot.csv:"snp_rs41502750_0w_r","Affx-34462338","rs41502750","2","MT","9716","9716","+","0","---","ATAATTCAAGCACTGCTTATTACAATTTTACTGGG[C/T]CTCTATTTTACCCTCCTACAAGCCTCAGAGTACTT","T","C","T","C","---","---","D1S2077E // downstream // 2026 /// D5S1608E // upstream // 5096","---","---","---","---","same","1","0","---","---","---","---","---"
Axiom_GW_LAT.na35.annot.csv:"snp_rs41504845_1wa1_r","Affx-34461840","---","2","MT","15832","15832","+","0","---","GGACAAGTAGCATCCGTACTATACTTCACAACAAT[C/T]CTAATCCTAATACCAACTATCTCCCTAATTGAAAA","T","C","C","T","---","---","D1S2076E // downstream // 134","---","---","---","---","---","1","0","---","---","---","---","---"
Axiom_GW_LAT.na35.annot.csv:"snp_rs41509754_1wa1_r","Affx-34461762","---","2","MT","13964","13964","+","0","---","CATCACACACCGCACAATCCCCTATCTAGGCCTTC[C/T]TACGAGCCAAAACCTGCCCCTACTCCTCCTAGACC","T","C","T","C","---","---","D1S2077E // downstream // 6274 /// D5S1608E // upstream // 848","---","---","---","---","---","1","0","---","---","---","---","---"
Axiom_GW_LAT.na35.annot.csv:"snp_rs41524046_3w_r","Affx-34462022","---","2","MT","3914","3914","+","0","---","AGAGACCAACCGAACCCCCTTCGACCTTGCCGAAG[A/G]GGAGTCCGAACTAGTCTCAGGCTTCAACATCGAAT","A","G","G","A","---","---","D17S1473E // downstream // 174 /// D17S1653E // upstream // 3409","---","---","---","---","---","1","0","---","---","---","---","---"
Axiom_GW_LAT.na35.annot.csv:"snp_rs41535848_0w_r","Affx-52321495","---","2","MT","13965","13965","+","0","---","ATCACACACCGCACAATCCCCTATCTAGGCCTTCT[A/G]ACGAGCCAAAACCTGCCCCTACTCCTCCTAGACCT","A","G",".","A/G","---","---","D1S2077E // downstream // 6275 /// D5S1608E // upstream // 847","---","---","---","---","---","1","0","---","---","---","---","---"
